     1.001152120|3830247636||ll_cache_miss_rd|270163088120|100.00||
     2.261326960|4034906507||ll_cache_miss_rd|206227111920|100.00||
     3.633149280|3562966656||ll_cache_miss_rd|216396622360|100.00||
     4.925301840|3791069412||ll_cache_miss_rd|204927679800|100.00||
     6.181229520|4169754171||ll_cache_miss_rd|205051274120|100.00||
     7.533136680|3822022188||ll_cache_miss_rd|213446820080|100.00||
     8.813210960|3762517437||ll_cache_miss_rd|207435807200|100.00||
    10.157268400|3613714134||ll_cache_miss_rd|212288379400|100.00||
    11.429166000|4078151977||ll_cache_miss_rd|203359513480|100.00||
    12.701163320|3904151492||ll_cache_miss_rd|207736946680|100.00||
    14.089150560|3954134380||ll_cache_miss_rd|218693023440|100.00||
    15.361181680|3665168889||ll_cache_miss_rd|205648594680|100.00||
    16.717178120|3741378557||ll_cache_miss_rd|214724108640|100.00||
    17.997231400|4086844934||ll_cache_miss_rd|204305006840|100.00||
    19.281197480|3885926471||ll_cache_miss_rd|206602888840|100.00||
    20.597199600|3784159749||ll_cache_miss_rd|208530825280|100.00||
    21.841300760|3598319705||ll_cache_miss_rd|201617307160|100.00||
    23.177203320|3812294420||ll_cache_miss_rd|212097344280|100.00||
    24.461184360|4086314097||ll_cache_miss_rd|205078577680|100.00||
    25.725207800|3826903826||ll_cache_miss_rd|203994395600|100.00||
    27.045180800|3893774151||ll_cache_miss_rd|210562224520|100.00||
    28.345276320|3668601520||ll_cache_miss_rd|207452206040|100.00||
    29.617236400|3705633542||ll_cache_miss_rd|202531145040|100.00||
    30.873207200|3956640715||ll_cache_miss_rd|201333245040|100.00||
    32.145171760|3839223888||ll_cache_miss_rd|204872194080|100.00||
    33.469267600|3983672851||ll_cache_miss_rd|210917793080|100.00||
    34.757213920|3577096617||ll_cache_miss_rd|206019282920|100.00||
    36.037201040|3794608668||ll_cache_miss_rd|204216315880|100.00||
    37.293199920|3822686572||ll_cache_miss_rd|200874960680|100.00||
    38.553111680|3826486200||ll_cache_miss_rd|202275738880|100.00||
    39.825163440|3936651281||ll_cache_miss_rd|203516881320|100.00||
    41.109225600|3508139748||ll_cache_miss_rd|205703504520|100.00||
    42.413234400|3953716620||ll_cache_miss_rd|208998596480|100.00||
    43.705263480|3878469811||ll_cache_miss_rd|206429762400|100.00||
    45.001133960|3950682752||ll_cache_miss_rd|206756857880|100.00||
    46.261159280|3870822675||ll_cache_miss_rd|201809687280|100.00||
    47.545043120|3565934346||ll_cache_miss_rd|206319362080|100.00||
    48.845138120|3911020029||ll_cache_miss_rd|207910819440|100.00||
    50.141239160|3880448753||ll_cache_miss_rd|206407516360|100.00||
    51.409295960|3898553567||ll_cache_miss_rd|204128200560|100.00||
    52.733182920|4074807660||ll_cache_miss_rd|212117007640|100.00||
    54.060991800|3686156816||ll_cache_miss_rd|212271892320|100.00||
    55.373220400|3908771520||ll_cache_miss_rd|208751442200|100.00||
    56.653165000|3864281236||ll_cache_miss_rd|206253177720|100.00||
    57.985205040|4057035961||ll_cache_miss_rd|211701449320|100.00||
    59.253181760|3844513853||ll_cache_miss_rd|203227484800|100.00||
    60.541168640|3613383389||ll_cache_miss_rd|206212790280|100.00||
    61.829230800|3860443420||ll_cache_miss_rd|206510112600|100.00||
    63.141142760|3912168295||ll_cache_miss_rd|208322228720|100.00||
    64.401171040|3870640307||ll_cache_miss_rd|200907559240|100.00||
    65.625187800|3708275738||ll_cache_miss_rd|196151712960|100.00||
    66.857109640|3513996266||ll_cache_miss_rd|198926372960|100.00||
    68.169200240|3865535412||ll_cache_miss_rd|209012882640|100.00||
    69.441134240|3841753454||ll_cache_miss_rd|204471598600|100.00||
    70.761213440|4018986237||ll_cache_miss_rd|210807621640|100.00||
    72.049140440|3903546346||ll_cache_miss_rd|206578048800|100.00||
    73.361291520|3722190576||ll_cache_miss_rd|208447463480|100.00||
    74.609158080|3660890127||ll_cache_miss_rd|200611997800|100.00||
    75.901250640|3865007115||ll_cache_miss_rd|206291305520|100.00||
    77.181202640|3939733246||ll_cache_miss_rd|205727179680|100.00||
    78.493124240|3941220677||ll_cache_miss_rd|209982176360|100.00||
    79.801245520|3809032291||ll_cache_miss_rd|210548243640|100.00||
    81.137185560|3855525551||ll_cache_miss_rd|210736884160|100.00||
    82.389109440|3771934981||ll_cache_miss_rd|200007426800|100.00||
    83.629206600|3830189071||ll_cache_miss_rd|200565469640|100.00||
    84.937137120|3941921247||ll_cache_miss_rd|208189894040|100.00||
    86.205244040|3622010945||ll_cache_miss_rd|201589842640|100.00||
    87.421195080|3617372323||ll_cache_miss_rd|196891980440|100.00||
    88.737134960|3937833658||ll_cache_miss_rd|210534897640|100.00||
    90.041168240|4006853415||ll_cache_miss_rd|208180455520|100.00||
    91.329213640|3875248705||ll_cache_miss_rd|206202300640|100.00||
    92.621234720|3739251732||ll_cache_miss_rd|207788366640|100.00||
    93.941280480|3868003847||ll_cache_miss_rd|211029055120|100.00||
    95.249182400|3865071850||ll_cache_miss_rd|208287201640|100.00||
    96.541248200|4007368868||ll_cache_miss_rd|207948372160|100.00||
    97.857164160|3911434849||ll_cache_miss_rd|209544245360|100.00||
    99.157161960|3764176737||ll_cache_miss_rd|207238861560|100.00||
   100.429216560|3742333971||ll_cache_miss_rd|204256707840|100.00||
   101.733213560|3878540872||ll_cache_miss_rd|207409350440|100.00||
   102.989212600|3845959588||ll_cache_miss_rd|200826716440|100.00||
   104.245225920|3801697489||ll_cache_miss_rd|201977748880|100.00||
   105.541208360|3753134064||ll_cache_miss_rd|207483463960|100.00||
   106.824956440|3775014154||ll_cache_miss_rd|205770206160|100.00||
   108.133185840|3865969455||ll_cache_miss_rd|208860854120|100.00||
   109.413199840|3923340184||ll_cache_miss_rd|204241210240|100.00||
   110.689239160|3860890066||ll_cache_miss_rd|206147911800|100.00||
   112.009177280|3826428930||ll_cache_miss_rd|209490022840|100.00||
   113.289286960|3764559261||ll_cache_miss_rd|204878026440|100.00||
   114.545122560|3763317823||ll_cache_miss_rd|202677436320|100.00||
   115.881152480|4044787397||ll_cache_miss_rd|212123850120|100.00||
   117.165159680|3844870073||ll_cache_miss_rd|206188352200|100.00||
   118.465109200|3809375526||ll_cache_miss_rd|207353662320|100.00||
   119.753207400|3753095674||ll_cache_miss_rd|205621722600|100.00||
   121.029165360|3803248227||ll_cache_miss_rd|204321093320|100.00||
   122.313192920|3866268951||ll_cache_miss_rd|204595271280|100.00||
   123.577257280|3834319531||ll_cache_miss_rd|204309878040|100.00||
   124.889197400|3878876134||ll_cache_miss_rd|208754020760|100.00||
   126.165176680|3724782373||ll_cache_miss_rd|205083368800|100.00||
   127.473185680|3922466283||ll_cache_miss_rd|208766191960|100.00||
   128.757230120|3882703771||ll_cache_miss_rd|205412500880|100.00||
   130.049191040|3847353435||ll_cache_miss_rd|207226743320|100.00||
   131.361285840|3915949457||ll_cache_miss_rd|209232715640|100.00||
   132.637235360|3720918428||ll_cache_miss_rd|204892652040|100.00||
   133.953249200|3928224185||ll_cache_miss_rd|209295646360|100.00||
   135.217180960|3797748648||ll_cache_miss_rd|202707285120|100.00||
   136.501188480|3813161832||ll_cache_miss_rd|204289817520|100.00||
   137.741195960|3782768224||ll_cache_miss_rd|200811753320|100.00||
   139.061215000|3820848930||ll_cache_miss_rd|210320462800|100.00||
   140.365201560|3895610584||ll_cache_miss_rd|208043875760|100.00||
   141.621121880|3770746001||ll_cache_miss_rd|200736172960|100.00||
   142.893203760|3818492808||ll_cache_miss_rd|204306072480|100.00||
   144.189208840|3865618031||ll_cache_miss_rd|206061704720|100.00||
   145.425137320|3639259385||ll_cache_miss_rd|199513597480|100.00||
   146.725201040|3873826902||ll_cache_miss_rd|207100914320|100.00||
   148.009215640|3848463718||ll_cache_miss_rd|205667132720|100.00||
   149.301256000|3865809139||ll_cache_miss_rd|205927826000|100.00||
   150.557223760|3796171061||ll_cache_miss_rd|203315138760|100.00||
   151.897223000|3893949611||ll_cache_miss_rd|213220707000|100.00||
   153.189209440|3860401583||ll_cache_miss_rd|206965393040|100.00||
   154.493253400|3843302180||ll_cache_miss_rd|207817994800|100.00||
   155.785174240|3910364291||ll_cache_miss_rd|206516321240|100.00||
   157.069177640|3829544300||ll_cache_miss_rd|206366946040|100.00||
   158.385252440|3845100015||ll_cache_miss_rd|209557852040|100.00||
   159.653242440|3796639342||ll_cache_miss_rd|202596857280|100.00||
   160.921116320|3796965534||ll_cache_miss_rd|204872941800|100.00||
   162.257134360|4009320846||ll_cache_miss_rd|211664619720|100.00||
   163.501239040|3713848207||ll_cache_miss_rd|200075955320|100.00||
   164.797230680|3791288575||ll_cache_miss_rd|206504983320|100.00||
   166.065145200|3810973571||ll_cache_miss_rd|204075860640|100.00||
   167.377102400|3869375751||ll_cache_miss_rd|208799060560|100.00||
   168.641162880|3852090625||ll_cache_miss_rd|202272099960|100.00||
   169.925150800|3810033061||ll_cache_miss_rd|205966632120|100.00||
   171.225239960|3816130451||ll_cache_miss_rd|207227019880|100.00||
   172.493220800|3798323108||ll_cache_miss_rd|204132034760|100.00||
   173.801167000|3853232074||ll_cache_miss_rd|208072907520|100.00||
   175.061132440|3789138213||ll_cache_miss_rd|201024229840|100.00||
   176.309241560|3733302475||ll_cache_miss_rd|201827518720|100.00||
   177.617185560|3881188440||ll_cache_miss_rd|208776825240|100.00||
   178.917177840|3839909272||ll_cache_miss_rd|207153308400|100.00||
   180.209179880|3834814820||ll_cache_miss_rd|205778128000|100.00||
   181.433174480|3704164011||ll_cache_miss_rd|197079228560|100.00||
   182.729191360|3830467513||ll_cache_miss_rd|207144021800|100.00||
   183.997230600|3813566963||ll_cache_miss_rd|203216677680|100.00||
   185.277160840|3801187963||ll_cache_miss_rd|205338735320|100.00||
   186.569165960|3857228390||ll_cache_miss_rd|206320664120|100.00||
   187.849218400|3812031980||ll_cache_miss_rd|204726634760|100.00||
   189.129203240|3796510010||ll_cache_miss_rd|204798324720|100.00||
   190.401192440|3809915911||ll_cache_miss_rd|203750099760|100.00||
   191.681247640|3776197175||ll_cache_miss_rd|204421117640|100.00||
   192.969199600|3840484747||ll_cache_miss_rd|205933306800|100.00||
   194.253204640|3768323441||ll_cache_miss_rd|204693972840|100.00||
   195.501140800|3729762593||ll_cache_miss_rd|199738905040|100.00||
   196.765209440|3800731661||ll_cache_miss_rd|203200586240|100.00||
   198.041183040|3736041851||ll_cache_miss_rd|203717550080|100.00||
   199.305247320|3815496775||ll_cache_miss_rd|202751762560|100.00||
   200.597163960|3791835535||ll_cache_miss_rd|206534877120|100.00||
   201.885131000|3871274815||ll_cache_miss_rd|205463081840|100.00||
   203.161207000|3886754726||ll_cache_miss_rd|207700702320|100.00||
   204.521459840|3959988747||ll_cache_miss_rd|215929999320|100.00||
   205.829174960|3929923178||ll_cache_miss_rd|208613914920|100.00||
   207.133155400|3815989031||ll_cache_miss_rd|207761979000|100.00||
   208.393182120|3792091647||ll_cache_miss_rd|201078813920|100.00||
   209.625192040|3717699188||ll_cache_miss_rd|199780024480|100.00||
   210.953169960|3930776206||ll_cache_miss_rd|212196307160|100.00||
   212.285198880|3947187157||ll_cache_miss_rd|212499991480|100.00||
   213.581111280|3850314620||ll_cache_miss_rd|208788488360|100.00||
   214.941132080|4043602392||ll_cache_miss_rd|215073362560|100.00||
   216.221192960|3823805529||ll_cache_miss_rd|205420872280|100.00||
   217.529261760|3889106734||ll_cache_miss_rd|209546242560|100.00||
   218.821186480|3820685326||ll_cache_miss_rd|205685484440|100.00||
   220.093257480|3804841470||ll_cache_miss_rd|205510233280|100.00||
   221.413160920|3946950588||ll_cache_miss_rd|210337137160|100.00||
   222.725190040|3908566027||ll_cache_miss_rd|208537870400|100.00||
   223.993168040|3770516175||ll_cache_miss_rd|203101376080|100.00||
   225.261261120|3788625860||ll_cache_miss_rd|204858236280|100.00||
   226.593208880|3914647078||ll_cache_miss_rd|211166620800|100.00||
   227.881180760|3899763080||ll_cache_miss_rd|207624984360|100.00||
   229.189140200|3918933946||ll_cache_miss_rd|209926157120|100.00||
   230.509186240|3897170093||ll_cache_miss_rd|209195507400|100.00||
   231.777238560|3801927207||ll_cache_miss_rd|205415986960|100.00||
   233.129164400|3971012250||ll_cache_miss_rd|215027619600|100.00||
   234.429247800|3896078128||ll_cache_miss_rd|207275366040|100.00||
   235.721232560|3878408971||ll_cache_miss_rd|207569886680|100.00||
   237.025260200|3855307069||ll_cache_miss_rd|207362640320|100.00||
   238.293194320|3819441758||ll_cache_miss_rd|205364361360|100.00||
   239.641164080|3928959022||ll_cache_miss_rd|213291733760|100.00||
   240.933247880|3903931943||ll_cache_miss_rd|206947200360|100.00||
   242.225204320|3849858041||ll_cache_miss_rd|206608944560|100.00||
   243.501155280|3781980927||ll_cache_miss_rd|203461195240|100.00||
   244.761260480|3771600053||ll_cache_miss_rd|203248851600|100.00||
   246.069097600|3848364089||ll_cache_miss_rd|208173954480|100.00||
   247.357147200|3860439846||ll_cache_miss_rd|205646786000|100.00||
   248.609222160|3751069556||ll_cache_miss_rd|201007885280|100.00||
   249.913157920|3866124417||ll_cache_miss_rd|207246631520|100.00||
   251.169154480|3747037674||ll_cache_miss_rd|202868100600|100.00||
   252.481091520|3883296243||ll_cache_miss_rd|208803872560|100.00||
   253.753145680|3820009310||ll_cache_miss_rd|204537223760|100.00||
   255.057191800|3905190120||ll_cache_miss_rd|208867192520|100.00||
   256.369165280|3866093284||ll_cache_miss_rd|208036496960|100.00||
   257.621192640|3736507793||ll_cache_miss_rd|201952976920|100.00||
   258.917190880|3854365362||ll_cache_miss_rd|206918762320|100.00||
   260.205237960|3840524104||ll_cache_miss_rd|206311959600|100.00||
   261.493125920|3876339899||ll_cache_miss_rd|206747915760|100.00||
   262.793195320|3897751127||ll_cache_miss_rd|208209871520|100.00||
   264.093167640|3814334382||ll_cache_miss_rd|207256287000|100.00||
   265.401158400|3907644591||ll_cache_miss_rd|208914897720|100.00||
   266.677182480|3786690775||ll_cache_miss_rd|204458045800|100.00||
   267.977197960|3907920357||ll_cache_miss_rd|208182898080|100.00||
   269.277246680|3873776714||ll_cache_miss_rd|207531681560|100.00||
   270.569179560|3795881635||ll_cache_miss_rd|206601377520|100.00||
   271.853145440|3838177993||ll_cache_miss_rd|205367060280|100.00||
   273.133114920|3806438925||ll_cache_miss_rd|206078792760|100.00||
   274.453136520|3940682121||ll_cache_miss_rd|209530945200|100.00||
   275.725182440|3809755686||ll_cache_miss_rd|204675636600|100.00||
   277.037163440|3849443070||ll_cache_miss_rd|208988063640|100.00||
   278.309199600|3823278975||ll_cache_miss_rd|204314905600|100.00||
   279.617215400|3895793352||ll_cache_miss_rd|209455604880|100.00||
   280.937174640|3986954322||ll_cache_miss_rd|212543891240|100.00||
   282.301201760|4070350980||ll_cache_miss_rd|218422230480|100.00||
   283.657258320|3916858601||ll_cache_miss_rd|214223786360|100.00||
   284.929200120|3843089614||ll_cache_miss_rd|204890477480|100.00||
   286.233174240|3850845618||ll_cache_miss_rd|207650092840|100.00||
   287.525167400|3863199527||ll_cache_miss_rd|206877288240|100.00||
   288.825225160|3901561695||ll_cache_miss_rd|208127558800|100.00||
   290.113214400|3780595740||ll_cache_miss_rd|206360206160|100.00||
   291.409163840|3856020359||ll_cache_miss_rd|206195977400|100.00||
   292.689162320|3813108545||ll_cache_miss_rd|204492254480|100.00||
   293.941198120|3784311248||ll_cache_miss_rd|202369716440|100.00||
   295.237142600|3868060001||ll_cache_miss_rd|207193295960|100.00||
   296.553195480|3854373383||ll_cache_miss_rd|209199248080|100.00||
   297.821174960|3769372117||ll_cache_miss_rd|201426629800|100.00||
   299.029209600|3619529573||ll_cache_miss_rd|194790405240|100.00||
   300.309155200|3865016038||ll_cache_miss_rd|206060542320|100.00||
   301.621231840|3888746451||ll_cache_miss_rd|208720070920|100.00||
   302.881207720|3716268634||ll_cache_miss_rd|201648502840|100.00||
   304.169222760|3849704435||ll_cache_miss_rd|206409884440|100.00||
   305.445119480|3787983940||ll_cache_miss_rd|205045581440|100.00||
   306.753097160|3943945756||ll_cache_miss_rd|210160158040|100.00||
   308.105296680|3977163138||ll_cache_miss_rd|214158478040|100.00||
   309.381225280|3758361180||ll_cache_miss_rd|203436404320|100.00||
   310.637159840|3774839300||ll_cache_miss_rd|202022708400|100.00||
   311.933218760|3865138711||ll_cache_miss_rd|208869978520|100.00||
   313.253292720|3951853293||ll_cache_miss_rd|210804707920|100.00||
   314.569234080|3879523745||ll_cache_miss_rd|209582805040|100.00||
   315.865147960|3827750922||ll_cache_miss_rd|207090902400|100.00||
   317.153135480|3850902633||ll_cache_miss_rd|206672728880|100.00||
   318.457160360|3829901269||ll_cache_miss_rd|207992954600|100.00||
   319.737222000|3875364154||ll_cache_miss_rd|205727851000|100.00||
   321.049133240|3859790423||ll_cache_miss_rd|208014199640|100.00||
   322.289213920|3681274874||ll_cache_miss_rd|198272246120|100.00||
   323.529292400|3699753432||ll_cache_miss_rd|199370503040|100.00||
   324.805157920|3760566347||ll_cache_miss_rd|203572678520|100.00||
   326.081192760|3865304524||ll_cache_miss_rd|204811504680|100.00||
   327.353129760|3797737250||ll_cache_miss_rd|204085254720|100.00||
   328.645170080|3791119350||ll_cache_miss_rd|205881240760|100.00||
   329.925189360|3820350811||ll_cache_miss_rd|205139934720|100.00||
   331.197196120|3767836638||ll_cache_miss_rd|204435712080|100.00||
   332.501160320|3897502383||ll_cache_miss_rd|207314385960|100.00||
   333.761217000|3808931663||ll_cache_miss_rd|203929118400|100.00||
   335.105174200|3928106840||ll_cache_miss_rd|212056155080|100.00||
   336.345172200|3740793783||ll_cache_miss_rd|201102578040|100.00||
   337.665180040|3899299608||ll_cache_miss_rd|210677695880|100.00||
   338.977194680|3923649995||ll_cache_miss_rd|208585292360|100.00||
   340.237142360|3782689537||ll_cache_miss_rd|202821530720|100.00||
   341.541203160|3857931605||ll_cache_miss_rd|207999253480|100.00||
   342.829203840|3788136093||ll_cache_miss_rd|205305995320|100.00||
   344.089176200|3755931660||ll_cache_miss_rd|201637833080|100.00||
   345.349139360|3808501795||ll_cache_miss_rd|202814380400|100.00||
   346.645267520|3869506422||ll_cache_miss_rd|208256808560|100.00||
   347.969142640|3851379923||ll_cache_miss_rd|209299804240|100.00||
   349.229202240|3753102887||ll_cache_miss_rd|202404216200|100.00||
   350.505160720|3764828830||ll_cache_miss_rd|202907575360|100.00||
   351.733180120|3734604418||ll_cache_miss_rd|198607877000|100.00||
   353.041214160|3904840750||ll_cache_miss_rd|209734716720|100.00||
   354.357237400|3884419026||ll_cache_miss_rd|210026796680|100.00||
   355.665219200|3856590900||ll_cache_miss_rd|208508810640|100.00||
   356.949149360|3834769810||ll_cache_miss_rd|205633621920|100.00||
   358.241159240|3865788480||ll_cache_miss_rd|206198182280|100.00||
   359.509259880|3805544705||ll_cache_miss_rd|204176509000|100.00||
   360.813195480|3857785927||ll_cache_miss_rd|207407589720|100.00||
   362.085108160|3743655523||ll_cache_miss_rd|203632990920|100.00||
   363.361180160|3817436328||ll_cache_miss_rd|204356202480|100.00||
   364.628935320|3786562540||ll_cache_miss_rd|201985746040|100.00||
   365.877205000|3753769056||ll_cache_miss_rd|201912070320|100.00||
   367.181156000|3844514763||ll_cache_miss_rd|207158545000|100.00||
   368.469172680|3774748892||ll_cache_miss_rd|204417966080|100.00||
   369.677231520|3578306439||ll_cache_miss_rd|193910556440|100.00||
   370.913190080|3778350517||ll_cache_miss_rd|199057073680|100.00||
   372.193212000|3822757446||ll_cache_miss_rd|205540645040|100.00||
   373.513164360|3902265623||ll_cache_miss_rd|210188962160|100.00||
   374.789236280|3794767488||ll_cache_miss_rd|204790020200|100.00||
   376.077208200|3765325377||ll_cache_miss_rd|204736053000|100.00||
   377.321220120|3762319857||ll_cache_miss_rd|200118241960|100.00||
   378.613163600|3872757649||ll_cache_miss_rd|206594162640|100.00||
   379.885183280|3758810511||ll_cache_miss_rd|202766120360|100.00||
   381.141157840|3729375755||ll_cache_miss_rd|201285525480|100.00||
   382.413124960|3765142386||ll_cache_miss_rd|204601707960|100.00||
   383.705199720|3887719381||ll_cache_miss_rd|206676965120|100.00||
   385.009177200|3889505657||ll_cache_miss_rd|207431366440|100.00||
   386.269214800|3754344867||ll_cache_miss_rd|202664562080|100.00||
   387.553250280|3775287067||ll_cache_miss_rd|204498327360|100.00||
   388.805166800|3671071550||ll_cache_miss_rd|200422167360|100.00||
   390.069261600|3839679247||ll_cache_miss_rd|203556647640|100.00||
   391.393194600|3980198832||ll_cache_miss_rd|212359532000|100.00||
   392.717080440|3895568553||ll_cache_miss_rd|210431777600|100.00||
   394.005159120|3810567146||ll_cache_miss_rd|205661668480|100.00||
   395.281126320|3763012244||ll_cache_miss_rd|204926284240|100.00||
   396.585242080|3918411202||ll_cache_miss_rd|208236271200|100.00||
   397.881091320|3893048111||ll_cache_miss_rd|207326213680|100.00||
   399.177275000|3853357802||ll_cache_miss_rd|208480442600|100.00||
   400.497161000|3897794322||ll_cache_miss_rd|210124875400|100.00||
   401.761220960|3731151762||ll_cache_miss_rd|203036513400|100.00||
   403.069254960|3921702434||ll_cache_miss_rd|207973025120|100.00||
   404.336974200|3805985197||ll_cache_miss_rd|203444786640|100.00||
   405.613626520|3798685735||ll_cache_miss_rd|205668280080|100.00||
   406.933174720|3892749536||ll_cache_miss_rd|209105346160|100.00||
   408.217100080|3801533730||ll_cache_miss_rd|206762478840|100.00||
   409.529219400|3934400460||ll_cache_miss_rd|210216862480|100.00||
   410.849123360|3949515839||ll_cache_miss_rd|210015943520|100.00||
   412.145189000|3817259081||ll_cache_miss_rd|207786887280|100.00||
   413.445155360|3885372732||ll_cache_miss_rd|207778631400|100.00||
   414.733094280|3774630089||ll_cache_miss_rd|205472366720|100.00||
   416.013256920|3854449346||ll_cache_miss_rd|205772238560|100.00||
   417.305190480|3932529902||ll_cache_miss_rd|207670934640|100.00||
   418.645193120|3893644846||ll_cache_miss_rd|212388529400|100.00||
   419.917139000|3841398715||ll_cache_miss_rd|205423265320|100.00||
   421.221242120|3815748384||ll_cache_miss_rd|207284886240|100.00||
   422.513149720|3849881749||ll_cache_miss_rd|205992132080|100.00||
   423.765183080|3800074775||ll_cache_miss_rd|201763351560|100.00||
   425.073187280|3849517189||ll_cache_miss_rd|209196384840|100.00||
   426.373168480|3877559905||ll_cache_miss_rd|207796686120|100.00||
   427.669162240|3821983455||ll_cache_miss_rd|207069730440|100.00||
   428.973201160|3894987059||ll_cache_miss_rd|208580746600|100.00||
   430.257267280|3865227002||ll_cache_miss_rd|205551887960|100.00||
   431.549211800|3811876247||ll_cache_miss_rd|206617371680|100.00||
   432.841185920|3861101890||ll_cache_miss_rd|207735628400|100.00||
   434.161218360|3911155061||ll_cache_miss_rd|210740961720|100.00||
   435.441196520|3768581462||ll_cache_miss_rd|202510434920|100.00||
   436.661195080|3708282398||ll_cache_miss_rd|196754778000|100.00||
   437.937198320|3770734313||ll_cache_miss_rd|203595482560|100.00||
   439.193277560|3728306374||ll_cache_miss_rd|201866969880|100.00||
   440.481212920|3817248843||ll_cache_miss_rd|205567455160|100.00||
   441.745245520|3752090036||ll_cache_miss_rd|201538731160|100.00||
   442.997166840|3794301739||ll_cache_miss_rd|202116394600|100.00||
   444.309120880|3910061020||ll_cache_miss_rd|210240057080|100.00||
   445.613509680|3837029712||ll_cache_miss_rd|207717266680|100.00||
   446.913224320|3841111787||ll_cache_miss_rd|207907739800|100.00||
   448.193187880|3839950631||ll_cache_miss_rd|204807294560|100.00||
   449.485188560|3872051094||ll_cache_miss_rd|206806888200|100.00||
   450.761166840|3779960413||ll_cache_miss_rd|203287351040|100.00||
   452.005207520|3673619877||ll_cache_miss_rd|198908054880|100.00||
   453.265248560|3724684408||ll_cache_miss_rd|201942363520|100.00||
   454.541155800|3838963392||ll_cache_miss_rd|204415857320|100.00||
   455.813202160|3794275359||ll_cache_miss_rd|203622399400|100.00||
   457.105244520|3871357547||ll_cache_miss_rd|207633370560|100.00||
   458.401200760|3819965922||ll_cache_miss_rd|206374579560|100.00||
   459.685118600|3770826661||ll_cache_miss_rd|204701958840|100.00||
   460.937258560|3782840478||ll_cache_miss_rd|202216546560|100.00||
   462.253175960|3921233439||ll_cache_miss_rd|209912359560|100.00||
   463.565233400|3924739676||ll_cache_miss_rd|210505535920|100.00||
   464.865158080|3863162945||ll_cache_miss_rd|207657525960|100.00||
   466.169166520|3817506517||ll_cache_miss_rd|207516617280|100.00||
   467.433221880|3764463140||ll_cache_miss_rd|201825003280|100.00||
   468.685186520|3792580808||ll_cache_miss_rd|201940350760|100.00||
   469.989216040|3890463074||ll_cache_miss_rd|209272628840|100.00||
   471.317187480|3931941216||ll_cache_miss_rd|211295297440|100.00||
   472.609155800|3790800206||ll_cache_miss_rd|205343736680|100.00||
   473.857205440|3724182662||ll_cache_miss_rd|200757828080|100.00||
   475.137227040|3874408778||ll_cache_miss_rd|205298557440|100.00||
   476.437243160|3856559511||ll_cache_miss_rd|208463768760|100.00||
   477.737173160|3851888700||ll_cache_miss_rd|208210517400|100.00||
   479.065246960|3939407997||ll_cache_miss_rd|212444413960|100.00||
   480.365224280|3805703328||ll_cache_miss_rd|205852809640|100.00||
   481.605120440|3769302533||ll_cache_miss_rd|200125310920|100.00||
   482.901188920|3840851757||ll_cache_miss_rd|206465988800|100.00||
   484.145164840|3672930702||ll_cache_miss_rd|198546550920|100.00||
   485.405220040|3771890266||ll_cache_miss_rd|202624732080|100.00||
   486.681174960|3739603759||ll_cache_miss_rd|203477004080|100.00||
   487.953203560|3827489831||ll_cache_miss_rd|203188936680|100.00||
   489.213203840|3831113846||ll_cache_miss_rd|203746950480|100.00||
   490.521264440|3843425736||ll_cache_miss_rd|208770460480|100.00||
   491.829217000|3886710408||ll_cache_miss_rd|209501065600|100.00||
   493.145152800|3872222524||ll_cache_miss_rd|209601320000|100.00||
   494.425196320|3851444805||ll_cache_miss_rd|205075911200|100.00||
   495.721166280|3908455834||ll_cache_miss_rd|207336762920|100.00||
   497.025146160|3816012715||ll_cache_miss_rd|207684630040|100.00||
   498.289174520|3763106741||ll_cache_miss_rd|202062099800|100.00||
   499.541222360|3699501380||ll_cache_miss_rd|200245197160|100.00||
   500.777128480|3735738730||ll_cache_miss_rd|199215951120|100.00||
   502.085179240|3885584169||ll_cache_miss_rd|208165058600|100.00||
   503.345173480|3747655957||ll_cache_miss_rd|201592750760|100.00||
   504.597213120|3732062745||ll_cache_miss_rd|202295459640|100.00||
   505.929216120|3923415817||ll_cache_miss_rd|211806553840|100.00||
   507.225128040|3872636006||ll_cache_miss_rd|207355013080|100.00||
   508.513238400|3809724308||ll_cache_miss_rd|207255961440|100.00||
   509.833119600|3919286116||ll_cache_miss_rd|209625877920|100.00||
   511.109289960|3825156665||ll_cache_miss_rd|206281959520|100.00||
   512.433168160|3885479173||ll_cache_miss_rd|211294640440|100.00||
   513.753196200|3800320780||ll_cache_miss_rd|209789138760|100.00||
   515.041148520|3533378431||ll_cache_miss_rd|206116439280|100.00||
   516.309126200|3069143382||ll_cache_miss_rd|202587580960|100.00||
   516.584093160|568842967||ll_cache_miss_rd|40557960280|100.00||
