     1.001060120|3869074||ll_cache_miss_rd|271743864320|100.00||
     2.007916280|2448650||ll_cache_miss_rd|161036812600|100.00||
     3.014713280|2132736||ll_cache_miss_rd|161079414360|100.00||
     4.021351800|2430618||ll_cache_miss_rd|161064002360|100.00||
     5.027931400|2355881||ll_cache_miss_rd|161040654400|100.00||
     6.034473960|2374604||ll_cache_miss_rd|161042590760|100.00||
     7.040993600|2443340||ll_cache_miss_rd|161044775240|100.00||
     8.047506240|3273296||ll_cache_miss_rd|161074449280|100.00||
     9.054306480|2896018||ll_cache_miss_rd|161078821000|100.00||
    10.061160560|2328199||ll_cache_miss_rd|161074642320|100.00||
    11.067661240|2041555||ll_cache_miss_rd|161052533080|100.00||
    12.074196320|2256198||ll_cache_miss_rd|161043001320|100.00||
    13.079915760|2162677||ll_cache_miss_rd|160899396560|100.00||
    14.086352600|2288610||ll_cache_miss_rd|161044274400|100.00||
    15.093094000|2024418||ll_cache_miss_rd|161058283920|100.00||
    16.099435520|2299179||ll_cache_miss_rd|161058592320|100.00||
    17.106193840|2829424||ll_cache_miss_rd|161094239760|100.00||
    18.113415880|2959581||ll_cache_miss_rd|161155285680|100.00||
    19.119915840|3375255||ll_cache_miss_rd|161047564200|100.00||
    20.127232800|6959746||ll_cache_miss_rd|161263794720|100.00||
    21.135732360|5009151||ll_cache_miss_rd|161337275760|100.00||
    22.143929440|4566675||ll_cache_miss_rd|161295347800|100.00||
    23.151931920|6541122||ll_cache_miss_rd|161261426400|100.00||
    24.159798560|7521249||ll_cache_miss_rd|161294928520|100.00||
    25.167923800|8454509||ll_cache_miss_rd|161298013400|100.00||
    26.175908240|8753213||ll_cache_miss_rd|161282816040|100.00||
    27.183903560|8381400||ll_cache_miss_rd|161273731640|100.00||
    28.191879040|8461448||ll_cache_miss_rd|161274676480|100.00||
    29.199904320|7648630||ll_cache_miss_rd|161287171800|100.00||
    30.207854880|8106917||ll_cache_miss_rd|161279388080|100.00||
    31.215919760|8380126||ll_cache_miss_rd|161269748280|100.00||
    32.223942000|8269216||ll_cache_miss_rd|161305841880|100.00||
    33.231920200|8206004||ll_cache_miss_rd|161269002600|100.00||
    34.239938480|8204463||ll_cache_miss_rd|161289939680|100.00||
    35.247906320|8364150||ll_cache_miss_rd|161249692080|100.00||
    36.255927440|8847842||ll_cache_miss_rd|161302160720|100.00||
    37.263907800|8232000||ll_cache_miss_rd|161289575240|100.00||
    38.271941800|8443554||ll_cache_miss_rd|161268746320|100.00||
    39.279879680|9463438||ll_cache_miss_rd|161275020760|100.00||
    40.287929680|8988173||ll_cache_miss_rd|161294220360|100.00||
    41.295928720|8911469||ll_cache_miss_rd|161266950760|100.00||
    42.303927600|8705052||ll_cache_miss_rd|161297776080|100.00||
    43.311930080|8208149||ll_cache_miss_rd|161253801680|100.00||
    44.319820560|8970944||ll_cache_miss_rd|161284342560|100.00||
    45.327920480|8459226||ll_cache_miss_rd|161286963800|100.00||
    46.335914320|8811290||ll_cache_miss_rd|161279734400|100.00||
    47.343872960|8439845||ll_cache_miss_rd|161289432280|100.00||
    48.351910520|8152364||ll_cache_miss_rd|161261993560|100.00||
    49.359963000|8497073||ll_cache_miss_rd|161294230280|100.00||
    50.367941000|8143088||ll_cache_miss_rd|161279294040|100.00||
    51.375918760|8224450||ll_cache_miss_rd|161267869400|100.00||
    52.383929120|8823278||ll_cache_miss_rd|161305409000|100.00||
    53.391937280|8196051||ll_cache_miss_rd|161258876560|100.00||
    54.399950520|8610019||ll_cache_miss_rd|161292074160|100.00||
    55.407835800|8858585||ll_cache_miss_rd|161252672680|100.00||
    56.415925200|8980320||ll_cache_miss_rd|161299142800|100.00||
    57.423921200|9231254||ll_cache_miss_rd|161280026400|100.00||
    58.431919920|9763051||ll_cache_miss_rd|161275994320|100.00||
    59.439970760|10015229||ll_cache_miss_rd|161289290720|100.00||
    60.447929280|9108580||ll_cache_miss_rd|161280377480|100.00||
    61.455907680|8637553||ll_cache_miss_rd|161270186440|100.00||
    62.463930600|8679281||ll_cache_miss_rd|161282863200|100.00||
    63.471928200|8582039||ll_cache_miss_rd|161272345560|100.00||
    64.479945440|8824041||ll_cache_miss_rd|161289577880|100.00||
    65.487898920|8331519||ll_cache_miss_rd|161278250360|100.00||
    66.495928720|8210402||ll_cache_miss_rd|161280034520|100.00||
    67.503931640|7992550||ll_cache_miss_rd|161265556400|100.00||
    68.511936360|7748101||ll_cache_miss_rd|161289768040|100.00||
    69.519930800|7892572||ll_cache_miss_rd|161286548800|100.00||
    70.527952640|8295713||ll_cache_miss_rd|161287358440|100.00||
    71.535922160|7924633||ll_cache_miss_rd|161261366400|100.00||
    72.543938600|7871031||ll_cache_miss_rd|161294464840|100.00||
    73.551835360|7895208||ll_cache_miss_rd|161254781040|100.00||
    74.559896120|8215365||ll_cache_miss_rd|161288416080|100.00||
    75.567928600|7585421||ll_cache_miss_rd|161281803200|100.00||
    76.575945200|7309612||ll_cache_miss_rd|161281516360|100.00||
    77.583918280|7343232||ll_cache_miss_rd|161276650040|100.00||
    78.591857440|8060504||ll_cache_miss_rd|161279110000|100.00||
    79.599916240|8228330||ll_cache_miss_rd|161287069360|100.00||
    80.607919240|7965461||ll_cache_miss_rd|161279736680|100.00||
    81.615918160|7822143||ll_cache_miss_rd|161276446000|100.00||
    82.623933040|7693169||ll_cache_miss_rd|161286582600|100.00||
    83.631931600|7777748||ll_cache_miss_rd|161280824280|100.00||
    84.639972560|7795168||ll_cache_miss_rd|161289391600|100.00||
    85.647906040|7559974||ll_cache_miss_rd|161276716920|100.00||
    86.655910120|7609220||ll_cache_miss_rd|161264514720|100.00||
    87.663814680|7967048||ll_cache_miss_rd|161267382920|100.00||
    88.671892760|8279600||ll_cache_miss_rd|161300950160|100.00||
    89.679922880|8418160||ll_cache_miss_rd|161288506960|100.00||
    90.687937040|7932197||ll_cache_miss_rd|161279844120|100.00||
    91.695936480|7439327||ll_cache_miss_rd|161261650320|100.00||
    92.703908440|7566022||ll_cache_miss_rd|161284783360|100.00||
    93.711921520|7347257||ll_cache_miss_rd|161280780040|100.00||
    94.719927160|7751606||ll_cache_miss_rd|161287340760|100.00||
    95.727938000|7467608||ll_cache_miss_rd|161274628360|100.00||
    96.735898480|7537055||ll_cache_miss_rd|161275902000|100.00||
    97.743910840|7435137||ll_cache_miss_rd|161289552560|100.00||
    98.751998560|7757613||ll_cache_miss_rd|161289192360|100.00||
    99.759889240|8890062||ll_cache_miss_rd|161285153040|100.00||
   100.767909520|7384328||ll_cache_miss_rd|161263083000|100.00||
   101.775928560|7187139||ll_cache_miss_rd|161279381320|100.00||
   102.783923840|7310411||ll_cache_miss_rd|161283243680|100.00||
   103.791915440|7086821||ll_cache_miss_rd|161276888680|100.00||
   104.799926160|7190592||ll_cache_miss_rd|161280654080|100.00||
   105.807915880|7285516||ll_cache_miss_rd|161275682600|100.00||
   106.815915360|7230161||ll_cache_miss_rd|161281020640|100.00||
   107.823930160|7153590||ll_cache_miss_rd|161282765320|100.00||
   108.831929120|7262989||ll_cache_miss_rd|161287287800|100.00||
   109.839927080|7313175||ll_cache_miss_rd|161274992240|100.00||
   110.847917360|7327395||ll_cache_miss_rd|161282718720|100.00||
   111.855820360|7359330||ll_cache_miss_rd|161258421360|100.00||
   112.863936560|7428405||ll_cache_miss_rd|161296595480|100.00||
   113.871935560|7355171||ll_cache_miss_rd|161287254880|100.00||
   114.879916840|7193572||ll_cache_miss_rd|161275204080|100.00||
   115.887924640|7246780||ll_cache_miss_rd|161281140920|100.00||
   116.895914320|7051478||ll_cache_miss_rd|161279190960|100.00||
   117.903925040|7047887||ll_cache_miss_rd|161281239800|100.00||
   118.911955200|7474652||ll_cache_miss_rd|161290259160|100.00||
   119.919907000|7200152||ll_cache_miss_rd|161261944280|100.00||
   120.927931000|7281852||ll_cache_miss_rd|161287359120|100.00||
   121.935941360|7304388||ll_cache_miss_rd|161274692400|100.00||
   122.943913960|7384106||ll_cache_miss_rd|161280750960|100.00||
   123.951919040|7561114||ll_cache_miss_rd|161282065880|100.00||
   124.959924280|7603601||ll_cache_miss_rd|161276292720|100.00||
   125.967928440|8176991||ll_cache_miss_rd|161292637440|100.00||
   126.975913360|7757245||ll_cache_miss_rd|161274087520|100.00||
   127.983929520|7790201||ll_cache_miss_rd|162100419040|100.00||
   128.999161080|7713872||ll_cache_miss_rd|161641436640|100.00||
   130.007637160|7287133||ll_cache_miss_rd|161357701600|100.00||
   131.015927680|7614863||ll_cache_miss_rd|161302661000|100.00||
   132.023918960|7380241||ll_cache_miss_rd|161275169360|100.00||
   133.031923600|7429099||ll_cache_miss_rd|161281632360|100.00||
   134.039853560|7447061||ll_cache_miss_rd|161268161000|100.00||
   135.047933960|7708558||ll_cache_miss_rd|161290646520|100.00||
   136.055935920|8369321||ll_cache_miss_rd|161288401720|100.00||
   137.063899200|7975752||ll_cache_miss_rd|161268275560|100.00||
   138.071920240|8091476||ll_cache_miss_rd|161288471560|100.00||
   139.079908560|7889999||ll_cache_miss_rd|161260092240|100.00||
   140.087929320|7720442||ll_cache_miss_rd|161292993840|100.00||
   141.095928960|7845883||ll_cache_miss_rd|161283798440|100.00||
   142.103813560|7512871||ll_cache_miss_rd|161259654360|100.00||
   143.111948520|7626784||ll_cache_miss_rd|161289157280|100.00||
   144.119943640|7361220||ll_cache_miss_rd|161290314640|100.00||
   145.127902760|7662409||ll_cache_miss_rd|161285256000|100.00||
   146.135929920|7992366||ll_cache_miss_rd|161284239160|100.00||
   147.143835480|7689045||ll_cache_miss_rd|161241731520|100.00||
   148.151935880|7608351||ll_cache_miss_rd|161311963440|100.00||
   149.159927120|7743691||ll_cache_miss_rd|161278307320|100.00||
   150.167912400|8049359||ll_cache_miss_rd|161280365560|100.00||
   151.175917440|8138868||ll_cache_miss_rd|161265404120|100.00||
   152.183928480|7941786||ll_cache_miss_rd|161295507320|100.00||
   153.191933880|8004998||ll_cache_miss_rd|161274961160|100.00||
   154.199892200|7878136||ll_cache_miss_rd|161273075680|100.00||
   155.207909480|8092238||ll_cache_miss_rd|161271128400|100.00||
   156.215903760|8496998||ll_cache_miss_rd|161298857200|100.00||
   157.223937840|8136919||ll_cache_miss_rd|161279030520|100.00||
   158.231926120|8150251||ll_cache_miss_rd|161276532960|100.00||
   159.239950040|8374556||ll_cache_miss_rd|161274267000|100.00||
   160.247930040|8891047||ll_cache_miss_rd|161345661120|100.00||
   161.257347640|8167633||ll_cache_miss_rd|161502674160|100.00||
   162.266128440|7953630||ll_cache_miss_rd|161405774640|100.00||
   163.274834000|7670442||ll_cache_miss_rd|161381108480|100.00||
   164.283221680|7775818||ll_cache_miss_rd|161353345080|100.00||
   165.291934440|7864215||ll_cache_miss_rd|161364051160|100.00||
   166.299933120|7737278||ll_cache_miss_rd|161286565000|100.00||
   167.307936160|8295270||ll_cache_miss_rd|161271067360|100.00||
   168.315924040|8135386||ll_cache_miss_rd|161279773920|100.00||
   169.323902040|7942044||ll_cache_miss_rd|161290223600|100.00||
   170.331940320|7743834||ll_cache_miss_rd|161278213040|100.00||
   171.339931160|7830015||ll_cache_miss_rd|161277719960|100.00||
   172.347925720|7389567||ll_cache_miss_rd|161279387400|100.00||
   173.355910400|7500052||ll_cache_miss_rd|161271205120|100.00||
   174.363900080|7420874||ll_cache_miss_rd|161282710960|100.00||
   175.371860360|7690436||ll_cache_miss_rd|161264963560|100.00||
   176.379929240|7287289||ll_cache_miss_rd|161308320760|100.00||
   177.387930240|7658015||ll_cache_miss_rd|161279220280|100.00||
   178.395926680|7521445||ll_cache_miss_rd|161276523360|100.00||
   179.403891720|7535098||ll_cache_miss_rd|161265637760|100.00||
   180.411937960|7345322||ll_cache_miss_rd|161285715120|100.00||
   181.419915840|7337782||ll_cache_miss_rd|161289407760|100.00||
   182.427920280|7355100||ll_cache_miss_rd|161275950640|100.00||
   183.435924680|7469375||ll_cache_miss_rd|161273895600|100.00||
   184.443912080|7344043||ll_cache_miss_rd|161288760400|100.00||
   185.451929280|7532717||ll_cache_miss_rd|161281025040|100.00||
   186.459926840|7207513||ll_cache_miss_rd|161277860960|100.00||
   187.467900920|7314167||ll_cache_miss_rd|161266271200|100.00||
   188.475977240|7261962||ll_cache_miss_rd|161297717520|100.00||
   189.483935520|7367246||ll_cache_miss_rd|161277447560|100.00||
   190.491897480|7154634||ll_cache_miss_rd|161280563640|100.00||
   191.499933480|7240624||ll_cache_miss_rd|161270796560|100.00||
   192.507930920|7667745||ll_cache_miss_rd|161298043480|100.00||
   193.515916000|7537171||ll_cache_miss_rd|161272951440|100.00||
   194.523932400|7462611||ll_cache_miss_rd|161275796040|100.00||
   195.531941920|7689639||ll_cache_miss_rd|161283981440|100.00||
   196.539937560|7254661||ll_cache_miss_rd|161277602920|100.00||
   197.547940280|7779260||ll_cache_miss_rd|161279875160|100.00||
   198.555923240|7795644||ll_cache_miss_rd|161284613080|100.00||
   199.563915320|8087938||ll_cache_miss_rd|161272127280|100.00||
   200.571915520|7635132||ll_cache_miss_rd|161286724120|100.00||
   201.579932000|7410710||ll_cache_miss_rd|161270147200|100.00||
   202.587934400|7644123||ll_cache_miss_rd|161290240880|100.00||
   203.595924080|7164559||ll_cache_miss_rd|161268118200|100.00||
   204.603906600|7136966||ll_cache_miss_rd|161286940280|100.00||
   205.611930600|7011033||ll_cache_miss_rd|161274668360|100.00||
   206.619906680|7163805||ll_cache_miss_rd|161275095360|100.00||
   207.627921800|7393467||ll_cache_miss_rd|161284905400|100.00||
   208.635935440|7458720||ll_cache_miss_rd|161288317600|100.00||
   209.643954080|7280619||ll_cache_miss_rd|161277288440|100.00||
   210.651871880|6983970||ll_cache_miss_rd|161267226560|100.00||
   211.659914280|7400314||ll_cache_miss_rd|161284370040|100.00||
   212.667934320|7672142||ll_cache_miss_rd|161295275320|100.00||
   213.675926840|7630573||ll_cache_miss_rd|161279507960|100.00||
   214.683949520|7330899||ll_cache_miss_rd|161277078280|100.00||
   215.691949440|7625143||ll_cache_miss_rd|161278801640|100.00||
   216.699931840|7528770||ll_cache_miss_rd|161270771040|100.00||
   217.707939360|7748632||ll_cache_miss_rd|161292728880|100.00||
   218.715918880|7783053||ll_cache_miss_rd|161276242760|100.00||
   219.723924320|8370645||ll_cache_miss_rd|161292372560|100.00||
   220.731915160|7583048||ll_cache_miss_rd|161265805880|100.00||
   221.739916600|7612874||ll_cache_miss_rd|161279001080|100.00||
   222.747935560|7574768||ll_cache_miss_rd|161287788040|100.00||
   223.755940320|7534010||ll_cache_miss_rd|161278265480|100.00||
   224.763933920|7551792||ll_cache_miss_rd|161272501720|100.00||
   225.771920520|7375863||ll_cache_miss_rd|161275659280|100.00||
   226.779921880|7533023||ll_cache_miss_rd|161283533720|100.00||
   227.787891960|7491362||ll_cache_miss_rd|161279143200|100.00||
   228.795921000|7962978||ll_cache_miss_rd|161290289000|100.00||
   229.803952520|7084166||ll_cache_miss_rd|161269048440|100.00||
   230.811931080|7339792||ll_cache_miss_rd|161284691080|100.00||
   231.819831400|7471003||ll_cache_miss_rd|161257771360|100.00||
   232.827914560|7340415||ll_cache_miss_rd|161294938240|100.00||
   233.835922400|7472038||ll_cache_miss_rd|161291014320|100.00||
   234.843950880|7125249||ll_cache_miss_rd|161270697000|100.00||
   235.851941920|7487022||ll_cache_miss_rd|161283362280|100.00||
   236.859936160|7496297||ll_cache_miss_rd|161283619600|100.00||
   237.867908280|7130642||ll_cache_miss_rd|161277733000|100.00||
   238.875947840|7802434||ll_cache_miss_rd|161291328120|100.00||
   239.883922560|7082111||ll_cache_miss_rd|161256720200|100.00||
   240.891910000|7336063||ll_cache_miss_rd|161285397680|100.00||
   241.899907480|7400271||ll_cache_miss_rd|161286411560|100.00||
   242.907904440|7270817||ll_cache_miss_rd|161281794800|100.00||
   243.915915400|7208767||ll_cache_miss_rd|161272864920|100.00||
   244.923918280|7169931||ll_cache_miss_rd|161288043520|100.00||
   245.931923600|7230929||ll_cache_miss_rd|161272259960|100.00||
   246.939937760|7385817||ll_cache_miss_rd|161284696280|100.00||
   247.947919280|7264270||ll_cache_miss_rd|161272357840|100.00||
   248.955922000|7643911||ll_cache_miss_rd|161288615120|100.00||
   249.963935160|7438513||ll_cache_miss_rd|161282903640|100.00||
   250.971891560|7158050||ll_cache_miss_rd|161264843680|100.00||
   251.979911360|7152675||ll_cache_miss_rd|161290002200|100.00||
   252.987946440|6962864||ll_cache_miss_rd|161284734520|100.00||
   253.995925760|6869446||ll_cache_miss_rd|161273065760|100.00||
   255.003839640|7072896||ll_cache_miss_rd|161267245560|100.00||
   256.011916200|6972207||ll_cache_miss_rd|161283235040|100.00||
   257.019909120|7002803||ll_cache_miss_rd|161292357040|100.00||
   258.027931200|7016555||ll_cache_miss_rd|161279771600|100.00||
   259.035935920|7471108||ll_cache_miss_rd|161279796120|100.00||
   260.043926520|6998345||ll_cache_miss_rd|161282545280|100.00||
   261.051949560|6683632||ll_cache_miss_rd|161280415640|100.00||
   262.059909680|6566542||ll_cache_miss_rd|161269556960|100.00||
   263.067928240|6436249||ll_cache_miss_rd|161275603720|100.00||
   264.075920760|6845466||ll_cache_miss_rd|161293891360|100.00||
   265.083928440|6461991||ll_cache_miss_rd|161276926920|100.00||
   266.091946840|6642806||ll_cache_miss_rd|161280320760|100.00||
   267.099890280|6591216||ll_cache_miss_rd|161255396560|100.00||
   268.107922520|6708038||ll_cache_miss_rd|161304669320|100.00||
   269.115907520|7053767||ll_cache_miss_rd|161275286640|100.00||
   270.123914200|6722837||ll_cache_miss_rd|161285707800|100.00||
   271.131883880|6528941||ll_cache_miss_rd|161246584080|100.00||
   272.139920240|6543899||ll_cache_miss_rd|161305893640|100.00||
   273.147989240|6357191||ll_cache_miss_rd|161284248480|100.00||
   274.155938080|6682823||ll_cache_miss_rd|161278222200|100.00||
   275.163900080|6660616||ll_cache_miss_rd|161259312200|100.00||
   276.171927960|6750525||ll_cache_miss_rd|161301354400|100.00||
   277.179926280|6570546||ll_cache_miss_rd|161282768120|100.00||
   278.187921480|7040747||ll_cache_miss_rd|161282651320|100.00||
   279.195928280|7060965||ll_cache_miss_rd|161264461960|100.00||
   280.203907120|7575652||ll_cache_miss_rd|161316194560|100.00||
   281.211905640|6582296||ll_cache_miss_rd|161255140760|100.00||
   282.219939960|6377484||ll_cache_miss_rd|161280938720|100.00||
   283.227919640|6321667||ll_cache_miss_rd|161258299400|100.00||
   284.235926040|6638634||ll_cache_miss_rd|161300981120|100.00||
   285.243902920|6316904||ll_cache_miss_rd|161265301560|100.00||
   286.251917240|6039118||ll_cache_miss_rd|161285389200|100.00||
   287.259892120|5909114||ll_cache_miss_rd|161260891840|100.00||
   288.267916200|6083013||ll_cache_miss_rd|161301941000|100.00||
   289.275914920|6044765||ll_cache_miss_rd|161376800800|100.00||
   290.284974200|5808362||ll_cache_miss_rd|161378972360|100.00||
   291.293440960|5616413||ll_cache_miss_rd|161317802000|100.00||
   292.301630680|5696596||ll_cache_miss_rd|161327993080|100.00||
   293.309992360|5918306||ll_cache_miss_rd|161340291800|100.00||
   294.318360080|5890520||ll_cache_miss_rd|161344674480|100.00||
   295.326760400|6046981||ll_cache_miss_rd|161333976640|100.00||
   296.334987520|6126851||ll_cache_miss_rd|161347719720|100.00||
   297.343553680|6137293||ll_cache_miss_rd|161355053960|100.00||
   298.351911440|6557665||ll_cache_miss_rd|161319080200|100.00||
   299.359920480|6373994||ll_cache_miss_rd|161270027400|100.00||
   300.367943720|6805926||ll_cache_miss_rd|161293378360|100.00||
   301.375902760|6098119||ll_cache_miss_rd|161264909640|100.00||
   302.383906720|6649384||ll_cache_miss_rd|161291442720|100.00||
   303.391841400|6480570||ll_cache_miss_rd|161256524520|100.00||
   304.399922720|6455085||ll_cache_miss_rd|161304913680|100.00||
   305.407916960|6332739||ll_cache_miss_rd|161279688120|100.00||
   306.415907160|6267075||ll_cache_miss_rd|161268356400|100.00||
   307.423916440|6535467||ll_cache_miss_rd|161280006360|100.00||
   308.431914640|6744690||ll_cache_miss_rd|161288294560|100.00||
   309.439917280|6376457||ll_cache_miss_rd|161278410800|100.00||
   310.447926800|6423597||ll_cache_miss_rd|161283132160|100.00||
   311.455892160|6112469||ll_cache_miss_rd|161257340520|100.00||
   312.463922680|6143574||ll_cache_miss_rd|161295449280|100.00||
   313.471888960|6099717||ll_cache_miss_rd|161274093600|100.00||
   314.479930440|6214952||ll_cache_miss_rd|161293955040|100.00||
   315.487929600|6560846||ll_cache_miss_rd|161274427240|100.00||
   316.495917560|6109456||ll_cache_miss_rd|161280840520|100.00||
   317.503945080|6228455||ll_cache_miss_rd|161283195800|100.00||
   318.511919280|6415062||ll_cache_miss_rd|161276459360|100.00||
   319.519910120|6218634||ll_cache_miss_rd|161274395040|100.00||
   320.527918840|6219077||ll_cache_miss_rd|161289858760|100.00||
   321.535917880|5997619||ll_cache_miss_rd|161269279520|100.00||
   322.543938360|6198421||ll_cache_miss_rd|161292706240|100.00||
   323.551930640|6014552||ll_cache_miss_rd|161271009400|100.00||
   324.559924120|5898597||ll_cache_miss_rd|161283462880|100.00||
   325.567923400|6206110||ll_cache_miss_rd|161274882320|100.00||
   326.577636800|5763376||ll_cache_miss_rd|161561640960|100.00||
   327.585907240|5641182||ll_cache_miss_rd|161319173040|100.00||
   328.594132760|5779064||ll_cache_miss_rd|161338652480|100.00||
   329.602523000|5342352||ll_cache_miss_rd|161328320080|100.00||
   330.610759360|5522243||ll_cache_miss_rd|161315723040|100.00||
   331.618945680|5269494||ll_cache_miss_rd|161311337040|100.00||
   332.627111680|5366665||ll_cache_miss_rd|161312810800|100.00||
   333.635361520|5368380||ll_cache_miss_rd|161351049240|100.00||
   334.643924920|5485778||ll_cache_miss_rd|161318860840|100.00||
   335.651912360|5984186||ll_cache_miss_rd|161276879360|100.00||
   336.659916280|5667334||ll_cache_miss_rd|161286607120|100.00||
   337.667905600|5664794||ll_cache_miss_rd|161281097360|100.00||
   338.675950360|6270155||ll_cache_miss_rd|161300220800|100.00||
   339.683939200|6346474||ll_cache_miss_rd|161270914840|100.00||
   340.691937840|6207291||ll_cache_miss_rd|161273332080|100.00||
   341.699930480|5843046||ll_cache_miss_rd|161281622200|100.00||
   342.707921040|6013290||ll_cache_miss_rd|161278054600|100.00||
   343.715914920|6211875||ll_cache_miss_rd|161269662560|100.00||
   344.723870520|6282976||ll_cache_miss_rd|161281624320|100.00||
   345.731908680|6341264||ll_cache_miss_rd|161295510640|100.00||
   346.739909600|6336994||ll_cache_miss_rd|161281802360|100.00||
   347.747933560|6068498||ll_cache_miss_rd|161274065560|100.00||
   348.755922800|6105854||ll_cache_miss_rd|161284191320|100.00||
   349.763950200|5892704||ll_cache_miss_rd|161273210680|100.00||
   350.771919400|6318133||ll_cache_miss_rd|161277265480|100.00||
   351.779925400|5823407||ll_cache_miss_rd|161277583600|100.00||
   352.787930000|5549064||ll_cache_miss_rd|161286847520|100.00||
   353.795925080|5411785||ll_cache_miss_rd|161272498360|100.00||
   354.803927720|5437363||ll_cache_miss_rd|161278166800|100.00||
   355.811931400|5244992||ll_cache_miss_rd|161277043240|100.00||
   356.819922200|5250319||ll_cache_miss_rd|161273074320|100.00||
   357.827918800|5049059||ll_cache_miss_rd|161285186840|100.00||
   358.835921200|5198245||ll_cache_miss_rd|161286537120|100.00||
   359.843902640|5088086||ll_cache_miss_rd|161269606920|100.00||
   360.851900440|4928690||ll_cache_miss_rd|161275392160|100.00||
   361.859914360|5171035||ll_cache_miss_rd|161291899240|100.00||
   362.867928200|4848189||ll_cache_miss_rd|161272399360|100.00||
   363.875932480|4611020||ll_cache_miss_rd|161275885240|100.00||
   364.883919200|4795570||ll_cache_miss_rd|161280215240|100.00||
   365.891902760|4547292||ll_cache_miss_rd|161275410800|100.00||
   366.899911040|4716540||ll_cache_miss_rd|161285472360|100.00||
   367.907938120|4437058||ll_cache_miss_rd|161280482520|100.00||
   368.915928720|4589353||ll_cache_miss_rd|161283054800|100.00||
   369.923915840|4564914||ll_cache_miss_rd|161271833840|100.00||
   370.931915160|4458487||ll_cache_miss_rd|161283272240|100.00||
   371.939778120|4826897||ll_cache_miss_rd|161269055280|100.00||
   372.947943520|4356531||ll_cache_miss_rd|161297952440|100.00||
   373.955930240|4296346||ll_cache_miss_rd|161270439560|100.00||
   374.963916080|4342767||ll_cache_miss_rd|161276059480|100.00||
   375.971909560|4247926||ll_cache_miss_rd|161278369080|100.00||
   376.979911520|4049345||ll_cache_miss_rd|161278838000|100.00||
   377.987714720|3813121||ll_cache_miss_rd|161611377920|100.00||
   378.998477520|3930879||ll_cache_miss_rd|161373329360|100.00||
   380.006455160|4000401||ll_cache_miss_rd|161271747280|100.00||
   381.014365800|3831538||ll_cache_miss_rd|161295513320|100.00||
   382.022453160|3767196||ll_cache_miss_rd|161261735640|100.00||
   383.030318920|3783373||ll_cache_miss_rd|161252927440|100.00||
   384.038095200|3936522||ll_cache_miss_rd|161249814880|100.00||
   385.046010560|4082416||ll_cache_miss_rd|161267288720|100.00||
   386.053886560|3854142||ll_cache_miss_rd|161257669880|100.00||
   387.061783200|4581000||ll_cache_miss_rd|161257341000|100.00||
   388.069669520|4085791||ll_cache_miss_rd|161266576040|100.00||
   389.077581120|4255008||ll_cache_miss_rd|161273359720|100.00||
   390.085606360|4039989||ll_cache_miss_rd|161273841680|100.00||
   391.093461800|4145847||ll_cache_miss_rd|161251216880|100.00||
   392.101366600|3881097||ll_cache_miss_rd|161265337560|100.00||
   393.109211920|3941675||ll_cache_miss_rd|161250953800|100.00||
   394.116978520|3772975||ll_cache_miss_rd|161245848360|100.00||
   395.123921080|3879937||ll_cache_miss_rd|161096477920|100.00||
   396.131515760|3861283||ll_cache_miss_rd|161255767720|100.00||
   397.139396560|3765952||ll_cache_miss_rd|161253845680|100.00||
   398.147190000|3749120||ll_cache_miss_rd|161238653960|100.00||
   399.154931560|3786173||ll_cache_miss_rd|161230431680|100.00||
   400.162564360|5411071||ll_cache_miss_rd|161261383080|100.00||
   401.170714200|4003002||ll_cache_miss_rd|161272148600|100.00||
   402.178490320|4327007||ll_cache_miss_rd|161255230840|100.00||
   403.186409680|4236196||ll_cache_miss_rd|161250493400|100.00||
   404.194151400|4017252||ll_cache_miss_rd|161278121240|100.00||
   405.202283440|4123893||ll_cache_miss_rd|161272834040|100.00||
   406.210068760|3983697||ll_cache_miss_rd|161242072200|100.00||
   407.217963600|4134476||ll_cache_miss_rd|161249206640|100.00||
   408.225679720|4031711||ll_cache_miss_rd|161243203840|100.00||
   409.233576000|4043570||ll_cache_miss_rd|161264009320|100.00||
   410.241519080|3864080||ll_cache_miss_rd|161267330960|100.00||
   411.249422720|4019257||ll_cache_miss_rd|161251282640|100.00||
   412.257142520|4180259||ll_cache_miss_rd|161248894040|100.00||
   413.265034960|3973637||ll_cache_miss_rd|161285897280|100.00||
   414.273104000|3844949||ll_cache_miss_rd|161264743920|100.00||
   415.280971720|3940153||ll_cache_miss_rd|161251465760|100.00||
   416.287925360|3907308||ll_cache_miss_rd|161115015960|100.00||
   417.295605240|4264334||ll_cache_miss_rd|161254923520|100.00||
   418.303537120|4061866||ll_cache_miss_rd|161269985040|100.00||
   419.311405840|3973808||ll_cache_miss_rd|161237120320|100.00||
   420.319109160|3897477||ll_cache_miss_rd|161247746320|100.00||
   421.326963280|3814979||ll_cache_miss_rd|161255991640|100.00||
   422.334780960|3643022||ll_cache_miss_rd|161254415200|100.00||
   423.342670240|3688971||ll_cache_miss_rd|161244382760|100.00||
   424.350362880|3508721||ll_cache_miss_rd|161222524000|100.00||
   425.358057120|3446550||ll_cache_miss_rd|161223070640|100.00||
   426.365677520|3403167||ll_cache_miss_rd|161220352840|100.00||
   427.373199840|3504886||ll_cache_miss_rd|161193324720|100.00||
   428.379930360|4016711||ll_cache_miss_rd|161092439560|100.00||
   429.387517960|3400431||ll_cache_miss_rd|161229221640|100.00||
   430.395154120|3235061||ll_cache_miss_rd|161229558640|100.00||
   431.402912320|3613877||ll_cache_miss_rd|161217741520|100.00||
   432.410417640|3208779||ll_cache_miss_rd|161204709880|100.00||
   433.418040240|3346701||ll_cache_miss_rd|161214767320|100.00||
   434.425648400|3203781||ll_cache_miss_rd|161200196960|100.00||
   435.433110280|3279947||ll_cache_miss_rd|161198780640|100.00||
   436.439937800|3281486||ll_cache_miss_rd|161092677600|100.00||
   437.447356400|3259691||ll_cache_miss_rd|161215913200|100.00||
   438.455024880|3530068||ll_cache_miss_rd|161247960800|100.00||
   439.462848320|3150660||ll_cache_miss_rd|161198749240|100.00||
   440.470237720|3033255||ll_cache_miss_rd|161190335400|100.00||
   441.477719120|3056139||ll_cache_miss_rd|161186629960|100.00||
   442.485133880|2967310||ll_cache_miss_rd|161203759040|100.00||
   443.491903840|3684038||ll_cache_miss_rd|161061143360|100.00||
   444.499213440|2787783||ll_cache_miss_rd|161189288560|100.00||
   445.506666360|2918227||ll_cache_miss_rd|161186643200|100.00||
   446.514092520|2914033||ll_cache_miss_rd|161189523720|100.00||
   447.521550520|2959959||ll_cache_miss_rd|161181507000|100.00||
   448.528964400|3070250||ll_cache_miss_rd|161185225000|100.00||
   449.535914800|2937204||ll_cache_miss_rd|161109134040|100.00||
   450.543144440|2878175||ll_cache_miss_rd|161183216480|100.00||
   451.550639920|2939653||ll_cache_miss_rd|161187747600|100.00||
   452.558008080|2938341||ll_cache_miss_rd|161180440000|100.00||
   453.565514760|2989062||ll_cache_miss_rd|161186513280|100.00||
   454.572951120|2830657||ll_cache_miss_rd|161184379120|100.00||
   455.579893840|2968844||ll_cache_miss_rd|161111021880|100.00||
   456.587051560|2783336||ll_cache_miss_rd|161160546560|100.00||
   457.594449880|2855997||ll_cache_miss_rd|161190129760|100.00||
   458.601884080|3474644||ll_cache_miss_rd|161191089200|100.00||
   459.609422240|3567270||ll_cache_miss_rd|161199091280|100.00||
   460.616785600|3677989||ll_cache_miss_rd|161200871200|100.00||
   461.623910680|3850658||ll_cache_miss_rd|161149372680|100.00||
   462.631617080|3951223||ll_cache_miss_rd|161276563200|100.00||
   463.639833960|4075555||ll_cache_miss_rd|161319497400|100.00||
   464.648308600|3172620||ll_cache_miss_rd|161351942760|100.00||
   465.656610400|2868555||ll_cache_miss_rd|167159805520|100.00||
   466.477103840|1838635||ll_cache_miss_rd|132545596080|100.00||
