     1.001212360|1106125047||ll_cache_miss_rd|244875034360|100.00||
     2.021278160|637870640||ll_cache_miss_rd|163254631880|100.00||
     3.057183680|665531338||ll_cache_miss_rd|165696242160|100.00||
     4.073200560|582611412||ll_cache_miss_rd|162566644680|100.00||
     5.093198400|663703601||ll_cache_miss_rd|163186062360|100.00||
     6.103866640|590677471||ll_cache_miss_rd|161690885160|100.00||
     7.121241760|668454030||ll_cache_miss_rd|162780481640|100.00||
     8.131939280|581753467||ll_cache_miss_rd|161828053640|100.00||
     9.181274120|652075722||ll_cache_miss_rd|167799914400|100.00||
    10.191916680|650338071||ll_cache_miss_rd|161669096440|100.00||
    11.205100080|579469880||ll_cache_miss_rd|162109452160|100.00||
    12.215898680|629985378||ll_cache_miss_rd|161710657400|100.00||
    13.226972160|527712377||ll_cache_miss_rd|161812783800|100.00||
    14.238110280|662771209||ll_cache_miss_rd|161788860760|100.00||
    15.249555360|618279382||ll_cache_miss_rd|161829383160|100.00||
    16.260939800|656738442||ll_cache_miss_rd|161802392960|100.00||
    17.271918760|628819571||ll_cache_miss_rd|161732094120|100.00||
    18.282957040|570956255||ll_cache_miss_rd|161803533600|100.00||
    19.294212360|607952564||ll_cache_miss_rd|161773109840|100.00||
    20.305317520|537832148||ll_cache_miss_rd|161802184560|100.00||
    21.321189840|668080420||ll_cache_miss_rd|162529566640|100.00||
    22.331958400|623888509||ll_cache_miss_rd|161732697600|100.00||
    23.343373560|627043829||ll_cache_miss_rd|161826447680|100.00||
    24.361163040|651232054||ll_cache_miss_rd|162822213760|100.00||
    25.371872360|567767352||ll_cache_miss_rd|161712806200|100.00||
    26.382906280|640762613||ll_cache_miss_rd|161773501960|100.00||
    27.393955480|561637993||ll_cache_miss_rd|161797736560|100.00||
    28.413178760|621160724||ll_cache_miss_rd|163041072320|100.00||
    29.423939320|558952831||ll_cache_miss_rd|161728652680|100.00||
    30.435191440|600238114||ll_cache_miss_rd|161814266760|100.00||
    31.446405320|641327145||ll_cache_miss_rd|161852691120|100.00||
    32.458128920|558220905||ll_cache_miss_rd|161832454440|100.00||
    33.469646360|625703886||ll_cache_miss_rd|161826530280|100.00||
    34.480959360|547945987||ll_cache_miss_rd|161792332400|100.00||
    35.491940440|582065535||ll_cache_miss_rd|161755452680|100.00||
    36.503032840|550133443||ll_cache_miss_rd|162927032600|100.00||
    37.649239160|642384228||ll_cache_miss_rd|182303335880|100.00||
    38.681246360|684856821||ll_cache_miss_rd|165095314600|100.00||
    39.691912640|629954255||ll_cache_miss_rd|161671079000|100.00||
    40.703049040|666869989||ll_cache_miss_rd|161856860040|100.00||
    41.737180880|683355829||ll_cache_miss_rd|165456104520|100.00||
    42.753180360|641213604||ll_cache_miss_rd|162517345240|100.00||
    43.763933800|682528486||ll_cache_miss_rd|161761549520|100.00||
    44.797215560|696135565||ll_cache_miss_rd|165292831880|100.00||
    45.807959520|697626909||ll_cache_miss_rd|161741463400|100.00||
    46.845227080|684639938||ll_cache_miss_rd|165928354720|100.00||
    47.855906160|676446503||ll_cache_miss_rd|161705187280|100.00||
    48.877201040|673124788||ll_cache_miss_rd|163439680120|100.00||
    49.893185160|646222199||ll_cache_miss_rd|162547244080|100.00||
    50.913204360|679317334||ll_cache_miss_rd|163186375160|100.00||
    51.923896040|684206306||ll_cache_miss_rd|161717735640|100.00||
    52.941208960|685133517||ll_cache_miss_rd|162760302160|100.00||
    53.951931440|653227808||ll_cache_miss_rd|161690883240|100.00||
    54.962930320|657048950||ll_cache_miss_rd|161788284760|100.00||
    55.974347920|686774758||ll_cache_miss_rd|161823822680|100.00||
    56.997231400|659316149||ll_cache_miss_rd|163685277280|100.00||
    58.007925640|635209998||ll_cache_miss_rd|161652080360|100.00||
    59.018805920|638142711||ll_cache_miss_rd|161780580160|100.00||
    60.030204200|661568602||ll_cache_miss_rd|161808306440|100.00||
    61.041395800|670968022||ll_cache_miss_rd|161902298240|100.00||
    62.093286360|712930080||ll_cache_miss_rd|168190584840|100.00||
    63.103957160|700440034||ll_cache_miss_rd|161692549360|100.00||
    64.114993280|698102953||ll_cache_miss_rd|161815392600|100.00||
    65.126537440|699660463||ll_cache_miss_rd|161847563560|100.00||
    66.138050120|670460862||ll_cache_miss_rd|161843490080|100.00||
    67.169187240|653010408||ll_cache_miss_rd|164938131320|100.00||
    68.179879080|631561367||ll_cache_miss_rd|161702381680|100.00||
    69.191040720|615419405||ll_cache_miss_rd|161824360760|100.00||
    70.202424080|627899438||ll_cache_miss_rd|161792901240|100.00||
    71.213812240|647630232||ll_cache_miss_rd|161853536640|100.00||
    72.245180920|673942284||ll_cache_miss_rd|164986597280|100.00||
    73.255887640|678869546||ll_cache_miss_rd|161700690720|100.00||
    74.266884000|669783345||ll_cache_miss_rd|161837975480|100.00||
    75.293250840|661927097||ll_cache_miss_rd|164196967520|100.00||
    76.313182240|625062953||ll_cache_miss_rd|163159216080|100.00||
    77.323961360|626376584||ll_cache_miss_rd|163062492160|100.00||
    78.473163680|709463364||ll_cache_miss_rd|182546004600|100.00||
    79.493233760|651321789||ll_cache_miss_rd|163213439280|100.00||
    80.509159200|622584499||ll_cache_miss_rd|162549864120|100.00||
    81.529190200|656823738||ll_cache_miss_rd|163188478640|100.00||
    82.539910800|614108621||ll_cache_miss_rd|161710239800|100.00||
    83.553133320|650237529||ll_cache_miss_rd|162108965160|100.00||
    84.563907800|634438681||ll_cache_miss_rd|161749779200|100.00||
    85.585176960|637117616||ll_cache_miss_rd|163370383320|100.00||
    86.595833320|644653560||ll_cache_miss_rd|161717203120|100.00||
    87.613168720|642291604||ll_cache_miss_rd|162831267400|100.00||
    88.649215520|688620531||ll_cache_miss_rd|165715511280|100.00||
    89.659951560|652771812||ll_cache_miss_rd|161713285360|100.00||
    90.673055560|658692714||ll_cache_miss_rd|162139579080|100.00||
    91.697127760|664293157||ll_cache_miss_rd|163843594080|100.00||
    92.707953920|615522471||ll_cache_miss_rd|161739192880|100.00||
    93.737267320|677973752||ll_cache_miss_rd|164674206920|100.00||
    94.748939920|655487638||ll_cache_miss_rd|161906151800|100.00||
    95.785246720|696269191||ll_cache_miss_rd|165759866880|100.00||
    96.795939160|678794780||ll_cache_miss_rd|161690160120|100.00||
    97.809207480|675198333||ll_cache_miss_rd|162121761280|100.00||
    98.819934560|673340159||ll_cache_miss_rd|161705762360|100.00||
    99.830973480|665188994||ll_cache_miss_rd|161848380120|100.00||
   100.865200840|693971118||ll_cache_miss_rd|165440843680|100.00||
   101.885199520|669594155||ll_cache_miss_rd|163253295880|100.00||
   102.925169680|698924376||ll_cache_miss_rd|166312289080|100.00||
   103.935860480|677884450||ll_cache_miss_rd|161717441640|100.00||
   104.947264880|661797313||ll_cache_miss_rd|161841181320|100.00||
   105.958643640|683503529||ll_cache_miss_rd|161809966000|100.00||
   106.970040720|655632202||ll_cache_miss_rd|161831300360|100.00||
   107.989229400|682213730||ll_cache_miss_rd|163058005360|100.00||
   109.005152240|679131369||ll_cache_miss_rd|162701631600|100.00||
   110.061242560|710094984||ll_cache_miss_rd|169013436560|100.00||
   111.117296200|674280233||ll_cache_miss_rd|169475564640|100.00||
   112.221149920|699541604||ll_cache_miss_rd|175944359320|100.00||
   113.231948560|636200313||ll_cache_miss_rd|161768457280|100.00||
   114.265165560|622622533||ll_cache_miss_rd|165280269240|100.00||
   115.281172640|616593233||ll_cache_miss_rd|162551400960|100.00||
   116.291921800|649189006||ll_cache_miss_rd|161705629440|100.00||
   117.303163280|634913747||ll_cache_miss_rd|161863576480|100.00||
   118.337154520|667009710||ll_cache_miss_rd|165413932560|100.00||
   119.347914960|648591259||ll_cache_miss_rd|161683462200|100.00||
   120.359279160|645563937||ll_cache_miss_rd|161840120040|100.00||
   121.370765920|667101053||ll_cache_miss_rd|161827172960|100.00||
   122.382211880|631519916||ll_cache_miss_rd|161833155320|100.00||
   123.393661680|673586263||ll_cache_miss_rd|161818601080|100.00||
   124.404949040|642699112||ll_cache_miss_rd|161817875920|100.00||
   125.415885320|658885520||ll_cache_miss_rd|161729992640|100.00||
   126.433235000|639035288||ll_cache_miss_rd|162809893840|100.00||
   127.449204400|649474494||ll_cache_miss_rd|162535450360|100.00||
   128.461068920|665142879||ll_cache_miss_rd|161911450440|100.00||
   129.471937640|602712681||ll_cache_miss_rd|161738333080|100.00||
   130.483409000|669019323||ll_cache_miss_rd|161979702880|100.00||
   131.541242080|686345258||ll_cache_miss_rd|169093500000|100.00||
   132.557216880|666983198||ll_cache_miss_rd|162584209160|100.00||
   133.567914280|645935939||ll_cache_miss_rd|161709661840|100.00||
   134.589156280|665733606||ll_cache_miss_rd|163385609640|100.00||
   135.601152600|690988991||ll_cache_miss_rd|161905587160|100.00||
   136.611932760|635271552||ll_cache_miss_rd|161716873720|100.00||
   137.625155760|676275424||ll_cache_miss_rd|162140868400|100.00||
   138.641170960|659360286||ll_cache_miss_rd|162556080920|100.00||
   139.651921480|662252455||ll_cache_miss_rd|161696991400|100.00||
   140.663181960|636784205||ll_cache_miss_rd|162076576120|100.00||
   141.733193560|688161115||ll_cache_miss_rd|170948279640|100.00||
   142.743923960|639949095||ll_cache_miss_rd|161978476680|100.00||
   143.817244720|641231802||ll_cache_miss_rd|171495096040|100.00||
   144.833128960|658160175||ll_cache_miss_rd|162504991600|100.00||
   145.843937720|649716721||ll_cache_miss_rd|161733295640|100.00||
   146.857183200|648743143||ll_cache_miss_rd|162263575760|100.00||
   147.905190040|692587119||ll_cache_miss_rd|167618861560|100.00||
   148.945203480|647186320||ll_cache_miss_rd|166334524920|100.00||
   149.965199840|669350531||ll_cache_miss_rd|163196309040|100.00||
   150.975967560|636148156||ll_cache_miss_rd|161737541360|100.00||
   151.997195880|632751345||ll_cache_miss_rd|163397171240|100.00||
   153.013173560|635750948||ll_cache_miss_rd|162544462480|100.00||
   154.023924000|627670316||ll_cache_miss_rd|161704696720|100.00||
   155.037129040|645982661||ll_cache_miss_rd|162137019600|100.00||
   156.047903280|633290290||ll_cache_miss_rd|161821294760|100.00||
   157.105234240|675427561||ll_cache_miss_rd|169059488800|100.00||
   158.115874720|634082571||ll_cache_miss_rd|161695252520|100.00||
   159.133164320|643979997||ll_cache_miss_rd|162758779440|100.00||
   160.143960240|648201168||ll_cache_miss_rd|161742560520|100.00||
   161.161152600|644406537||ll_cache_miss_rd|162737412520|100.00||
   162.171895280|651267501||ll_cache_miss_rd|161728031360|100.00||
   163.189178520|629149360||ll_cache_miss_rd|162752573440|100.00||
   164.199939800|643501841||ll_cache_miss_rd|161715789200|100.00||
   165.211045840|648335137||ll_cache_miss_rd|161911822240|100.00||
   166.257131760|666417048||ll_cache_miss_rd|167303380960|100.00||
   167.268908800|636242118||ll_cache_miss_rd|161852361320|100.00||
   168.279886880|607710847||ll_cache_miss_rd|161757087560|100.00||
   169.301128440|640069782||ll_cache_miss_rd|163382189960|100.00||
   170.311962040|615841127||ll_cache_miss_rd|161716865040|100.00||
   171.323209480|611409199||ll_cache_miss_rd|161828520600|100.00||
   172.341219840|602422638||ll_cache_miss_rd|162925528280|100.00||
   173.373142360|615801815||ll_cache_miss_rd|165064159360|100.00||
   174.383913320|632245307||ll_cache_miss_rd|161791623400|100.00||
   175.429201360|633587031||ll_cache_miss_rd|167161858240|100.00||
   176.439907080|641146290||ll_cache_miss_rd|161707369280|100.00||
   177.451186400|627003084||ll_cache_miss_rd|161866471680|100.00||
   178.485217560|670707340||ll_cache_miss_rd|165382220160|100.00||
   179.495943040|659622596||ll_cache_miss_rd|161720438720|100.00||
   180.521190080|643121475||ll_cache_miss_rd|164075330560|100.00||
   181.541173320|671056818||ll_cache_miss_rd|163166525280|100.00||
   182.553027840|640325989||ll_cache_miss_rd|161880058520|100.00||
   183.563949680|659713319||ll_cache_miss_rd|161869799280|100.00||
   184.609088240|665946416||ll_cache_miss_rd|167117977840|100.00||
   185.619871480|642844165||ll_cache_miss_rd|161707907320|100.00||
   186.631060400|651692228||ll_cache_miss_rd|162020446320|100.00||
   187.697555600|654431796||ll_cache_miss_rd|170404912560|100.00||
   188.708920320|644050548||ll_cache_miss_rd|161838247280|100.00||
   189.719879120|637386580||ll_cache_miss_rd|161749326360|100.00||
   190.733138920|648220230||ll_cache_miss_rd|162131858480|100.00||
   191.743976360|641990722||ll_cache_miss_rd|161715787120|100.00||
   192.755372440|621061146||ll_cache_miss_rd|161840552280|100.00||
   193.766628800|644314657||ll_cache_miss_rd|161805776960|100.00||
   194.777931520|629190035||ll_cache_miss_rd|161847967720|100.00||
   195.809160000|672754709||ll_cache_miss_rd|164938393760|100.00||
   196.819909240|648316025||ll_cache_miss_rd|161714422040|100.00||
   197.831132120|652040127||ll_cache_miss_rd|161817963440|100.00||
   198.842378160|648022562||ll_cache_miss_rd|161779310640|100.00||
   199.853579480|624752488||ll_cache_miss_rd|161799383280|100.00||
   200.863955200|657080084||ll_cache_miss_rd|161670273200|100.00||
   201.885196000|660016800||ll_cache_miss_rd|163389298040|100.00||
   202.895923760|674801409||ll_cache_miss_rd|161690388120|100.00||
   203.906813480|652622289||ll_cache_miss_rd|161795563040|100.00||
   204.918313640|634112998||ll_cache_miss_rd|161921863560|100.00||
   205.965194680|668592771||ll_cache_miss_rd|167398621640|100.00||
   206.975853400|636673885||ll_cache_miss_rd|161695370760|100.00||
   207.987128800|666362200||ll_cache_miss_rd|161842087040|100.00||
   208.998642440|638471055||ll_cache_miss_rd|161929177360|100.00||
   210.045229600|663515923||ll_cache_miss_rd|167346935600|100.00||
   211.061141240|634312025||ll_cache_miss_rd|162523444200|100.00||
   212.071948840|619164327||ll_cache_miss_rd|161737254080|100.00||
   213.083263720|630600775||ll_cache_miss_rd|161877604920|100.00||
   214.125198880|629803407||ll_cache_miss_rd|166788936720|100.00||
   215.169150920|658577285||ll_cache_miss_rd|166895925960|100.00||
   216.179918960|627814005||ll_cache_miss_rd|161745559240|100.00||
   217.209173880|641099300||ll_cache_miss_rd|164662583120|100.00||
   218.225086040|639155806||ll_cache_miss_rd|162532888160|100.00||
   219.241210960|645788595||ll_cache_miss_rd|162589237200|100.00||
   220.257151640|688237153||ll_cache_miss_rd|162658600360|100.00||
   221.293140480|679122513||ll_cache_miss_rd|165682405800|100.00||
   222.329174080|685602397||ll_cache_miss_rd|165733330360|100.00||
   223.349173120|680420207||ll_cache_miss_rd|163192986320|100.00||
   224.359945000|682624537||ll_cache_miss_rd|161730805880|100.00||
   225.371406120|690433495||ll_cache_miss_rd|161978240480|100.00||
   226.429162960|704761949||ll_cache_miss_rd|169084389960|100.00||
   227.439853400|681936660||ll_cache_miss_rd|161709982720|100.00||
   228.453130080|671462020||ll_cache_miss_rd|162142394880|100.00||
   229.469210720|665074493||ll_cache_miss_rd|162562780880|100.00||
   230.479919160|661277466||ll_cache_miss_rd|161698719600|100.00||
   231.491148520|661141359||ll_cache_miss_rd|161798333600|100.00||
   232.502298440|667326506||ll_cache_miss_rd|161790723560|100.00||
   233.513521000|655809502||ll_cache_miss_rd|162050830280|100.00||
   234.581116280|695740504||ll_cache_miss_rd|170545482320|100.00||
   235.591901880|669664347||ll_cache_miss_rd|161715871480|100.00||
   236.603222520|660782211||ll_cache_miss_rd|161789728200|100.00||
   237.614271840|671219315||ll_cache_miss_rd|161813853640|100.00||
   238.625728120|650060135||ll_cache_miss_rd|161894972320|100.00||
   239.669196800|676794472||ll_cache_miss_rd|166962022680|100.00||
   240.709156960|670385012||ll_cache_miss_rd|166308352120|100.00||
   241.719919040|663846163||ll_cache_miss_rd|161761494560|100.00||
   242.753174760|676034081||ll_cache_miss_rd|165278459000|100.00||
   243.763909320|658467429||ll_cache_miss_rd|161720337760|100.00||
   244.775192640|654205326||ll_cache_miss_rd|161830087240|100.00||
   245.793188000|647555405||ll_cache_miss_rd|162865188360|100.00||
   246.809196760|659253324||ll_cache_miss_rd|162531610360|100.00||
   247.819838120|647553820||ll_cache_miss_rd|161750502360|100.00||
   248.849254880|656681397||ll_cache_miss_rd|164666926200|100.00||
   249.859885360|656055377||ll_cache_miss_rd|161697073520|100.00||
   250.873234480|671150283||ll_cache_miss_rd|162148932320|100.00||
   251.883893240|655633802||ll_cache_miss_rd|161702656080|100.00||
   252.897144920|653684146||ll_cache_miss_rd|162150423640|100.00||
   253.917194520|655421388||ll_cache_miss_rd|163225080240|100.00||
   254.927912680|657720084||ll_cache_miss_rd|161652254720|100.00||
   255.939075840|659955274||ll_cache_miss_rd|161789796160|100.00||
   256.950273480|661339662||ll_cache_miss_rd|161813600920|100.00||
   257.961623960|667355198||ll_cache_miss_rd|161826874440|100.00||
   258.981185080|672082834||ll_cache_miss_rd|163119733280|100.00||
   259.991942800|669155917||ll_cache_miss_rd|161704201640|100.00||
   261.003208400|669315337||ll_cache_miss_rd|161842129760|100.00||
   262.033257960|687526327||ll_cache_miss_rd|164840917200|100.00||
   263.065173080|681568968||ll_cache_miss_rd|165044821080|100.00||
   264.075932400|648151877||ll_cache_miss_rd|161961396320|100.00||
   265.149195760|693004702||ll_cache_miss_rd|171502998000|100.00||
   266.165154000|649972298||ll_cache_miss_rd|162540690640|100.00||
   267.175922840|652206695||ll_cache_miss_rd|161699094360|100.00||
   268.187111440|659193201||ll_cache_miss_rd|161841236680|100.00||
   269.198626600|645629249||ll_cache_miss_rd|161816261960|100.00||
   270.217215960|636102030||ll_cache_miss_rd|163037430800|100.00||
   271.253257840|643470874||ll_cache_miss_rd|165690387440|100.00||
   272.263930640|640810674||ll_cache_miss_rd|161698596000|100.00||
   273.275233360|626507154||ll_cache_miss_rd|161973102000|100.00||
   274.329198080|661722703||ll_cache_miss_rd|168485193840|100.00||
   275.339975360|637076836||ll_cache_miss_rd|161739121800|100.00||
   276.361223200|657790847||ll_cache_miss_rd|163403081120|100.00||
   277.377207400|661608229||ll_cache_miss_rd|162566571120|100.00||
   278.388924280|660698885||ll_cache_miss_rd|161842331840|100.00||
   279.399976400|654193155||ll_cache_miss_rd|161761508800|100.00||
   280.411169440|650740365||ll_cache_miss_rd|161827843560|100.00||
   281.422630640|655808090||ll_cache_miss_rd|161930654160|100.00||
   282.473185640|699023437||ll_cache_miss_rd|167951756880|100.00||
   283.483964840|668642052||ll_cache_miss_rd|161722075440|100.00||
   284.497168040|679044863||ll_cache_miss_rd|162160042880|100.00||
   285.513171760|677125538||ll_cache_miss_rd|162541513000|100.00||
   286.529229480|673882165||ll_cache_miss_rd|162556131160|100.00||
   287.539952800|679958532||ll_cache_miss_rd|161733810000|100.00||
   288.569190400|689120542||ll_cache_miss_rd|164655308840|100.00||
   289.579943720|683498618||ll_cache_miss_rd|161710568960|100.00||
   290.591093640|681114009||ll_cache_miss_rd|161848715600|100.00||
   291.621185480|688947127||ll_cache_miss_rd|164754703480|100.00||
   292.631895440|685403218||ll_cache_miss_rd|161746547840|100.00||
   293.661235600|691622959||ll_cache_miss_rd|164680032000|100.00||
   294.671923040|689746235||ll_cache_miss_rd|161686015640|100.00||
   295.683114000|680911519||ll_cache_miss_rd|161798416080|100.00||
   296.694332480|685435250||ll_cache_miss_rd|161823359280|100.00||
   297.713250400|705778402||ll_cache_miss_rd|163024915680|100.00||
   298.729138000|687950601||ll_cache_miss_rd|162509915040|100.00||
   299.739922960|700363894||ll_cache_miss_rd|161727577400|100.00||
   300.751321960|684268311||ll_cache_miss_rd|161832942360|100.00||
   301.762622560|689104977||ll_cache_miss_rd|161840187720|100.00||
   302.777225920|680824809||ll_cache_miss_rd|162348294160|100.00||
   303.788994160|686431814||ll_cache_miss_rd|161850547440|100.00||
   304.809185400|704964000||ll_cache_miss_rd|163215655280|100.00||
   305.819901800|686962062||ll_cache_miss_rd|161710403640|100.00||
   306.831140960|703499535||ll_cache_miss_rd|161786053080|100.00||
   307.842254360|688828578||ll_cache_miss_rd|161802736920|100.00||
   308.854014080|698721869||ll_cache_miss_rd|161857822000|100.00||
   309.865162280|682210402||ll_cache_miss_rd|161808694840|100.00||
   310.875925080|691185357||ll_cache_miss_rd|161708380160|100.00||
   311.887146240|698348410||ll_cache_miss_rd|161871082280|100.00||
   312.917217600|691521433||ll_cache_miss_rd|164785936720|100.00||
   313.929207160|695394602||ll_cache_miss_rd|161862358240|100.00||
   314.939933880|676297634||ll_cache_miss_rd|161726402400|100.00||
   315.957203680|692066719||ll_cache_miss_rd|162820140240|100.00||
   316.244766440|175968064||ll_cache_miss_rd|45950694320|100.00||
