     1.001077160|58029411||ll_cache_miss_rd|271007368440|100.00||
     2.011118160|45118691||ll_cache_miss_rd|161643896600|100.00||
     3.021511280|54024961||ll_cache_miss_rd|161645622000|100.00||
     4.031892640|49135401||ll_cache_miss_rd|161666157400|100.00||
     5.042257080|64950047||ll_cache_miss_rd|161641561080|100.00||
     6.051940360|73399906||ll_cache_miss_rd|161555469600|100.00||
     7.062136120|79464199||ll_cache_miss_rd|161632010640|100.00||
     8.071915280|79396120||ll_cache_miss_rd|161571224640|100.00||
     9.082276040|91064721||ll_cache_miss_rd|161661661200|100.00||
    10.091882120|106219989||ll_cache_miss_rd|161503084360|100.00||
    11.101853720|103474601||ll_cache_miss_rd|161619737680|100.00||
    12.111920480|130169916||ll_cache_miss_rd|161601482600|100.00||
    13.122079600|135333627||ll_cache_miss_rd|161659614680|100.00||
    14.131932080|153467462||ll_cache_miss_rd|161560621920|100.00||
    15.142296240|200853798||ll_cache_miss_rd|161683568840|100.00||
    16.152974960|206822074||ll_cache_miss_rd|161675908960|100.00||
    17.163231320|225861309||ll_cache_miss_rd|161671863360|100.00||
    18.173807440|243420709||ll_cache_miss_rd|161656503320|100.00||
    19.183937400|270586225||ll_cache_miss_rd|161635015040|100.00||
    20.194179240|320960421||ll_cache_miss_rd|161678687760|100.00||
    21.203898840|408325807||ll_cache_miss_rd|161533074680|100.00||
    22.214437960|84523504||ll_cache_miss_rd|161689140520|100.00||
    23.225087840|45641734||ll_cache_miss_rd|161711525080|100.00||
    24.235568800|46870714||ll_cache_miss_rd|161668027360|100.00||
    25.246108320|56170662||ll_cache_miss_rd|161680258480|100.00||
    26.255893680|61092593||ll_cache_miss_rd|161539289280|100.00||
    27.266176720|60890281||ll_cache_miss_rd|161667379120|100.00||
    28.275929440|67942568||ll_cache_miss_rd|161548477680|100.00||
    29.286258240|82646028||ll_cache_miss_rd|161663057080|100.00||
    30.295899320|92799013||ll_cache_miss_rd|161518389560|100.00||
    31.306125200|93404497||ll_cache_miss_rd|161667529480|100.00||
    32.315940600|99392722||ll_cache_miss_rd|161550298920|100.00||
    33.326210200|114751304||ll_cache_miss_rd|161663588880|100.00||
    34.335914240|127526787||ll_cache_miss_rd|161525204640|100.00||
    35.346178000|149901469||ll_cache_miss_rd|161643699200|100.00||
    36.355936160|169757341||ll_cache_miss_rd|161566141240|100.00||
    37.366310360|212392724||ll_cache_miss_rd|161675486320|100.00||
    38.375938960|249805965||ll_cache_miss_rd|161532184320|100.00||
    39.386440200|302986451||ll_cache_miss_rd|161677578120|100.00||
    40.395907920|122659287||ll_cache_miss_rd|161513871680|100.00||
    41.406320200|46062246||ll_cache_miss_rd|161663867240|100.00||
    42.415931080|45623101||ll_cache_miss_rd|161521211040|100.00||
    43.426092880|54642588||ll_cache_miss_rd|161637222640|100.00||
    44.435956800|54534524||ll_cache_miss_rd|161576121560|100.00||
    45.446248680|68174498||ll_cache_miss_rd|161665031040|100.00||
    46.455953960|74939212||ll_cache_miss_rd|161524258640|100.00||
    47.466076840|82944986||ll_cache_miss_rd|161647096440|100.00||
    48.475894240|83730016||ll_cache_miss_rd|161551528320|100.00||
    49.486111120|95350597||ll_cache_miss_rd|161649259040|100.00||
    50.495884880|105245068||ll_cache_miss_rd|161559359200|100.00||
    51.506209520|121134968||ll_cache_miss_rd|161661688600|100.00||
    52.515931360|142202919||ll_cache_miss_rd|161525105800|100.00||
    53.525995240|136327227||ll_cache_miss_rd|161659928440|100.00||
    54.535935480|153070748||ll_cache_miss_rd|161561005400|100.00||
    55.546231320|171298277||ll_cache_miss_rd|161670232840|100.00||
    56.555944280|196484419||ll_cache_miss_rd|161539799920|100.00||
    57.566422240|218829768||ll_cache_miss_rd|161696597240|100.00||
    58.577046040|244044852||ll_cache_miss_rd|161674272880|100.00||
    59.587421480|266516730||ll_cache_miss_rd|161685644320|100.00||
    60.597925000|282074209||ll_cache_miss_rd|161667836080|100.00||
    61.607936640|323609038||ll_cache_miss_rd|161589330640|100.00||
    62.618431280|382060605||ll_cache_miss_rd|161698608640|100.00||
    63.629075920|504701505||ll_cache_miss_rd|161693095360|100.00||
    64.639424360|658050849||ll_cache_miss_rd|161672478120|100.00||
    65.650121080|798512068||ll_cache_miss_rd|161702081840|100.00||
    66.659937680|89607397||ll_cache_miss_rd|161561441640|100.00||
    67.670318560|58136627||ll_cache_miss_rd|161675344120|100.00||
    68.679924040|58359555||ll_cache_miss_rd|161507070840|100.00||
    69.690130720|63271790||ll_cache_miss_rd|161647857280|100.00||
    70.699963280|64779046||ll_cache_miss_rd|161568556520|100.00||
    71.710391960|67943576||ll_cache_miss_rd|161677535520|100.00||
    72.719951200|75168594||ll_cache_miss_rd|161511077280|100.00||
    73.730267560|85861847||ll_cache_miss_rd|161676661880|100.00||
    74.739942040|100303427||ll_cache_miss_rd|161519382880|100.00||
    75.750203720|96679761||ll_cache_miss_rd|161671619000|100.00||
    76.759942920|112316228||ll_cache_miss_rd|161540880800|100.00||
    77.770253640|137445182||ll_cache_miss_rd|161664503400|100.00||
    78.779912000|146592582||ll_cache_miss_rd|161523720080|100.00||
    79.790277240|164263774||ll_cache_miss_rd|161682628720|100.00||
    80.799955520|176751149||ll_cache_miss_rd|161531006720|100.00||
    81.810331480|201522137||ll_cache_miss_rd|161675070720|100.00||
    82.819920200|215767584||ll_cache_miss_rd|161496395280|100.00||
    83.830121120|242069080||ll_cache_miss_rd|161666088400|100.00||
    84.839909240|316698148||ll_cache_miss_rd|161552096320|100.00||
    85.850186320|384513641||ll_cache_miss_rd|161660291480|100.00||
    86.859944200|521350570||ll_cache_miss_rd|161558148440|100.00||
    87.870531760|391205313||ll_cache_miss_rd|161708240520|100.00||
    88.881223280|54397061||ll_cache_miss_rd|161668906880|100.00||
    89.891399080|52313837||ll_cache_miss_rd|161680007000|100.00||
    90.902010800|57182188||ll_cache_miss_rd|161669486560|100.00||
    91.911939120|68378736||ll_cache_miss_rd|161578321400|100.00||
    92.922317280|71345375||ll_cache_miss_rd|161659837800|100.00||
    93.931946320|79165324||ll_cache_miss_rd|161523190840|100.00||
    94.942097840|89314543||ll_cache_miss_rd|161657481800|100.00||
    95.951882840|108745696||ll_cache_miss_rd|161552502720|100.00||
    96.962213320|122239933||ll_cache_miss_rd|161659946920|100.00||
    97.971928000|141241323||ll_cache_miss_rd|161549181000|100.00||
    98.982230720|143848583||ll_cache_miss_rd|161663550680|100.00||
    99.991925560|147248343||ll_cache_miss_rd|161530112600|100.00||
   101.002237440|163086604||ll_cache_miss_rd|161653273880|100.00||
   102.011888880|118882578||ll_cache_miss_rd|161542291080|100.00||
   103.022327280|58893471||ll_cache_miss_rd|161692927600|100.00||
   104.031935440|65202365||ll_cache_miss_rd|161500647200|100.00||
   105.042196520|79796578||ll_cache_miss_rd|161681052880|100.00||
   106.051911680|93949717||ll_cache_miss_rd|161535970520|100.00||
   107.062383480|95583999||ll_cache_miss_rd|161681312240|100.00||
   108.071959440|103100117||ll_cache_miss_rd|161522614600|100.00||
   109.082281120|113105918||ll_cache_miss_rd|161673921080|100.00||
   110.091923920|130353933||ll_cache_miss_rd|161527265760|100.00||
   111.102265160|143420658||ll_cache_miss_rd|161648996760|100.00||
   112.111937600|164935703||ll_cache_miss_rd|161549050040|100.00||
   113.122331480|203487388||ll_cache_miss_rd|161683407000|100.00||
   114.133074240|236498734||ll_cache_miss_rd|161724332360|100.00||
   115.143953480|118921955||ll_cache_miss_rd|161747204800|100.00||
   116.154767040|102650689||ll_cache_miss_rd|161748925560|100.00||
   117.165556840|101816131||ll_cache_miss_rd|161690168360|100.00||
   118.175931400|110844050||ll_cache_miss_rd|161656382360|100.00||
   119.186515560|107048676||ll_cache_miss_rd|161712418440|100.00||
   120.197358960|116910265||ll_cache_miss_rd|161721754320|100.00||
   121.207942040|112214270||ll_cache_miss_rd|161729383840|100.00||
   122.233228800|120944191||ll_cache_miss_rd|164045136440|100.00||
   123.243951840|126792549||ll_cache_miss_rd|161741512440|100.00||
   124.254860040|124177960||ll_cache_miss_rd|161753880560|100.00||
   125.265924200|128604588||ll_cache_miss_rd|161721754840|100.00||
   126.275937160|125994164||ll_cache_miss_rd|161579243760|100.00||
   127.286398160|133468297||ll_cache_miss_rd|161707663120|100.00||
   128.297183800|131516231||ll_cache_miss_rd|161727800320|100.00||
   129.307945200|142865541||ll_cache_miss_rd|161693548520|100.00||
   130.318375720|141153154||ll_cache_miss_rd|161705090120|100.00||
   131.329271320|143930506||ll_cache_miss_rd|161724088440|100.00||
   132.339882000|142572724||ll_cache_miss_rd|161684957040|100.00||
   133.350362480|155383535||ll_cache_miss_rd|161700397360|100.00||
   134.361054240|149681884||ll_cache_miss_rd|161690011000|100.00||
   135.371595640|162236890||ll_cache_miss_rd|161730874440|100.00||
   136.382484960|159463145||ll_cache_miss_rd|161712867760|100.00||
   137.393165200|168712903||ll_cache_miss_rd|161699761840|100.00||
   138.403704040|162390295||ll_cache_miss_rd|161720178800|100.00||
   139.414573160|174644648||ll_cache_miss_rd|161741517560|100.00||
   140.425656240|174301410||ll_cache_miss_rd|161754771920|100.00||
   141.435892760|184967922||ll_cache_miss_rd|161608151440|100.00||
   142.446439960|178201920||ll_cache_miss_rd|161696824600|100.00||
   143.457073640|184175283||ll_cache_miss_rd|161710435440|100.00||
   144.467699960|184823714||ll_cache_miss_rd|161722384240|100.00||
   145.478535920|193862297||ll_cache_miss_rd|161712891240|100.00||
   146.489228240|194587479||ll_cache_miss_rd|161702584160|100.00||
   147.499916800|195756789||ll_cache_miss_rd|161693831840|100.00||
   148.510383760|212050963||ll_cache_miss_rd|161690183000|100.00||
   149.520958800|205310847||ll_cache_miss_rd|161692907240|100.00||
   150.531505000|217142822||ll_cache_miss_rd|161699452640|100.00||
   151.542104000|222302691||ll_cache_miss_rd|161683094320|100.00||
   152.551903760|233438403||ll_cache_miss_rd|161564386960|100.00||
   153.562556640|234917272||ll_cache_miss_rd|161710127600|100.00||
   154.573295040|225721718||ll_cache_miss_rd|161702481720|100.00||
   155.583693000|241889983||ll_cache_miss_rd|161720195760|100.00||
   156.594587760|245015157||ll_cache_miss_rd|161738683160|100.00||
   157.605477960|243433619||ll_cache_miss_rd|161708324320|100.00||
   158.615892200|251102374||ll_cache_miss_rd|161647072840|100.00||
   159.627917720|244735268||ll_cache_miss_rd|161920036440|100.00||
   160.638358320|261567254||ll_cache_miss_rd|161686356920|100.00||
   161.648918480|267617295||ll_cache_miss_rd|161688383120|100.00||
   162.659515400|257402347||ll_cache_miss_rd|161713511120|100.00||
   163.670099840|267483992||ll_cache_miss_rd|161672728520|100.00||
   164.679920080|272759781||ll_cache_miss_rd|161575671280|100.00||
   165.690466360|272366363||ll_cache_miss_rd|161704275480|100.00||
   166.701251280|278453004||ll_cache_miss_rd|161705590840|100.00||
   167.711918560|274448798||ll_cache_miss_rd|161679850640|100.00||
   168.722085560|289839918||ll_cache_miss_rd|161662525840|100.00||
   169.731932320|289394101||ll_cache_miss_rd|161556025920|100.00||
   170.742446600|288130358||ll_cache_miss_rd|161693164800|100.00||
   171.753078840|308221632||ll_cache_miss_rd|161695891120|100.00||
   172.763467880|312181898||ll_cache_miss_rd|161700682600|100.00||
   173.774263600|307714889||ll_cache_miss_rd|161751986240|100.00||
   174.785429440|326912142||ll_cache_miss_rd|161732721240|100.00||
   175.795912480|328901760||ll_cache_miss_rd|161665089920|100.00||
   176.806431120|322144628||ll_cache_miss_rd|161720418240|100.00||
   177.817252040|339404768||ll_cache_miss_rd|161729146200|100.00||
   178.827960760|339172008||ll_cache_miss_rd|161670956360|100.00||
   179.838401200|346786958||ll_cache_miss_rd|161689103720|100.00||
   180.849056720|362767816||ll_cache_miss_rd|161699271240|100.00||
   181.859508800|367093235||ll_cache_miss_rd|161700091080|100.00||
   182.870207440|372110505||ll_cache_miss_rd|161702276840|100.00||
   183.880963880|373672287||ll_cache_miss_rd|161706042000|100.00||
   184.891474160|376418949||ll_cache_miss_rd|161668953440|100.00||
   185.901907080|382663070||ll_cache_miss_rd|161675144520|100.00||
   186.911863840|386344236||ll_cache_miss_rd|161575870680|100.00||
   187.922226960|405045322||ll_cache_miss_rd|161690414520|100.00||
   188.931922640|404665208||ll_cache_miss_rd|161501284360|100.00||
   189.942088440|409292245||ll_cache_miss_rd|161684377080|100.00||
   190.951987680|413108105||ll_cache_miss_rd|161552468560|100.00||
   191.962453520|429326535||ll_cache_miss_rd|161707284200|100.00||
   192.973310720|436494080||ll_cache_miss_rd|161720179480|100.00||
   193.983937240|434390979||ll_cache_miss_rd|161687820120|100.00||
   194.994338000|440622171||ll_cache_miss_rd|161699872000|100.00||
   196.005300600|434544170||ll_cache_miss_rd|161723252120|100.00||
   197.015591080|453968978||ll_cache_miss_rd|161664935720|100.00||
   198.026256280|464040970||ll_cache_miss_rd|161703951520|100.00||
   199.037102960|467287364||ll_cache_miss_rd|161720517080|100.00||
   200.047605760|474962010||ll_cache_miss_rd|161723678760|100.00||
   201.058483640|493697937||ll_cache_miss_rd|161722678840|100.00||
   202.069276240|492298028||ll_cache_miss_rd|161716939000|100.00||
   203.079937280|495461976||ll_cache_miss_rd|161678711640|100.00||
   204.090336440|519920288||ll_cache_miss_rd|161706249040|100.00||
   205.101247920|538898351||ll_cache_miss_rd|161733625960|100.00||
   206.111948360|549825757||ll_cache_miss_rd|161687593440|100.00||
   207.122488160|563503681||ll_cache_miss_rd|161716820680|100.00||
   208.133357920|574372168||ll_cache_miss_rd|161733563600|100.00||
   209.143928560|578023069||ll_cache_miss_rd|161688820720|100.00||
   210.154701080|602991025||ll_cache_miss_rd|161774742160|100.00||
   211.165795240|608315212||ll_cache_miss_rd|161728196040|100.00||
   212.175937480|617812830||ll_cache_miss_rd|161627578920|100.00||
   213.189071600|635272695||ll_cache_miss_rd|162084627560|100.00||
   214.199686360|627807130||ll_cache_miss_rd|161745946360|100.00||
   215.210657480|381559482||ll_cache_miss_rd|161735613360|100.00||
   216.221629040|184315640||ll_cache_miss_rd|161735299000|100.00||
   217.231947320|169174187||ll_cache_miss_rd|161619350200|100.00||
   218.242273720|169181087||ll_cache_miss_rd|161689756520|100.00||
   219.253009960|178817717||ll_cache_miss_rd|161703736720|100.00||
   220.263708880|171839645||ll_cache_miss_rd|161759380360|100.00||
   221.274603640|176606554||ll_cache_miss_rd|161731204960|100.00||
   222.285524840|178515208||ll_cache_miss_rd|161715784000|100.00||
   223.295963080|185907000||ll_cache_miss_rd|161658495280|100.00||
   224.306491560|186432949||ll_cache_miss_rd|161720586240|100.00||
   225.317357720|194797817||ll_cache_miss_rd|161735466800|100.00||
   226.327940600|197865464||ll_cache_miss_rd|161652497000|100.00||
   227.338417920|205682921||ll_cache_miss_rd|161713677360|100.00||
   228.349212960|213683790||ll_cache_miss_rd|161721512000|100.00||
   229.359890520|222490201||ll_cache_miss_rd|161683989320|100.00||
   230.370531600|222013590||ll_cache_miss_rd|161715109760|100.00||
   231.381080560|213482693||ll_cache_miss_rd|161693441360|100.00||
   232.391653720|228108786||ll_cache_miss_rd|161705751280|100.00||
   233.402423440|223000250||ll_cache_miss_rd|161711864960|100.00||
   234.413196960|232941288||ll_cache_miss_rd|161725730600|100.00||
   235.423926120|237496314||ll_cache_miss_rd|161712890880|100.00||
   236.434630680|256770267||ll_cache_miss_rd|161766326960|100.00||
   237.445819360|254185824||ll_cache_miss_rd|161732485320|100.00||
   238.455943320|252968538||ll_cache_miss_rd|161617200000|100.00||
   239.466654640|254905254||ll_cache_miss_rd|161724020680|100.00||
   240.477399760|251737385||ll_cache_miss_rd|161717156280|100.00||
   241.487952360|268662851||ll_cache_miss_rd|161683478720|100.00||
   242.498575000|270085564||ll_cache_miss_rd|161715702920|100.00||
   243.509425480|274651504||ll_cache_miss_rd|161715491280|100.00||
   244.519917720|285192803||ll_cache_miss_rd|161670527120|100.00||
   245.530567440|288209478||ll_cache_miss_rd|161736151720|100.00||
   246.541561520|301661135||ll_cache_miss_rd|161768126720|100.00||
   247.551946280|302987447||ll_cache_miss_rd|161621854680|100.00||
   248.562612280|312671385||ll_cache_miss_rd|161704532440|100.00||
   249.573086120|307707202||ll_cache_miss_rd|161685402040|100.00||
   250.583670320|311926452||ll_cache_miss_rd|161705253480|100.00||
   251.594538080|319131651||ll_cache_miss_rd|161744799920|100.00||
   252.605384320|314577369||ll_cache_miss_rd|161732021320|100.00||
   253.615935080|319676545||ll_cache_miss_rd|161670848200|100.00||
   254.626608320|342090877||ll_cache_miss_rd|161727123760|100.00||
   255.637545280|348948226||ll_cache_miss_rd|161729675240|100.00||
   256.647967960|352074905||ll_cache_miss_rd|161677538400|100.00||
   257.658710200|356652466||ll_cache_miss_rd|161733536480|100.00||
   258.669553200|358171259||ll_cache_miss_rd|161733086760|100.00||
   259.679955120|354078989||ll_cache_miss_rd|161629123320|100.00||
   260.690355520|350059395||ll_cache_miss_rd|161695028960|100.00||
   261.701132480|362752167||ll_cache_miss_rd|161709353920|100.00||
   262.711943800|370358935||ll_cache_miss_rd|161712086000|100.00||
   263.722517640|382521186||ll_cache_miss_rd|161710896560|100.00||
   264.733186040|393421558||ll_cache_miss_rd|161709664440|100.00||
   265.743937240|402238435||ll_cache_miss_rd|161721759520|100.00||
   266.754577200|399905058||ll_cache_miss_rd|161728709040|100.00||
   267.765587400|407255977||ll_cache_miss_rd|161735465600|100.00||
   268.775947000|414368174||ll_cache_miss_rd|161649929880|100.00||
   269.786709400|417974768||ll_cache_miss_rd|161753450400|100.00||
   270.797818960|438602679||ll_cache_miss_rd|161764913640|100.00||
   271.807883800|437527780||ll_cache_miss_rd|161585564120|100.00||
   272.818500200|444613073||ll_cache_miss_rd|161706448840|100.00||
   273.829201760|453383832||ll_cache_miss_rd|161738476600|100.00||
   274.839891400|467140357||ll_cache_miss_rd|161675410280|100.00||
   275.850590720|470952043||ll_cache_miss_rd|161725384560|100.00||
   276.861279720|476022749||ll_cache_miss_rd|161710228880|100.00||
   277.871938520|483020118||ll_cache_miss_rd|161700968520|100.00||
   278.882695880|501485937||ll_cache_miss_rd|161746880160|100.00||
   279.893744120|524710450||ll_cache_miss_rd|161755725200|100.00||
   280.903890720|502538006||ll_cache_miss_rd|161616454480|100.00||
   281.914551880|507420153||ll_cache_miss_rd|161730400720|100.00||
   282.925601720|503205521||ll_cache_miss_rd|161731205400|100.00||
   283.935945000|496357164||ll_cache_miss_rd|161636800600|100.00||
   284.946368840|520338213||ll_cache_miss_rd|161690885720|100.00||
   285.957043440|425681610||ll_cache_miss_rd|161723128400|100.00||
   286.967818120|299451003||ll_cache_miss_rd|161697686160|100.00||
   287.978413960|267840358||ll_cache_miss_rd|161708571840|100.00||
   288.989089360|267484121||ll_cache_miss_rd|161709271960|100.00||
   289.999541600|276491055||ll_cache_miss_rd|161706071240|100.00||
   291.010424880|268778252||ll_cache_miss_rd|161724249400|100.00||
   292.021246280|285084476||ll_cache_miss_rd|161715360720|100.00||
   293.031946640|291218686||ll_cache_miss_rd|161719176600|100.00||
   294.042646280|293469224||ll_cache_miss_rd|161714376480|100.00||
   295.053353400|292753379||ll_cache_miss_rd|161695343280|100.00||
   296.063926000|303430783||ll_cache_miss_rd|161723323880|100.00||
   297.074622880|312367004||ll_cache_miss_rd|161719508200|100.00||
   298.085650880|313130032||ll_cache_miss_rd|161745628480|100.00||
   299.095883520|318110161||ll_cache_miss_rd|161607576520|100.00||
   300.106405920|328469067||ll_cache_miss_rd|161688706600|100.00||
   301.117030880|330854431||ll_cache_miss_rd|161701937120|100.00||
   302.127491800|342404914||ll_cache_miss_rd|161698739600|100.00||
   303.138207040|341248447||ll_cache_miss_rd|161713186640|100.00||
   304.149078760|355904373||ll_cache_miss_rd|161706687880|100.00||
   305.159551200|356502538||ll_cache_miss_rd|161724118760|100.00||
   306.170491960|364187736||ll_cache_miss_rd|161734265920|100.00||
   307.181155280|362929207||ll_cache_miss_rd|161686484440|100.00||
   308.191928640|372493507||ll_cache_miss_rd|161721028600|100.00||
   309.202565880|381895289||ll_cache_miss_rd|161725762640|100.00||
   310.213529840|387233773||ll_cache_miss_rd|161738038120|100.00||
   311.223956000|388792822||ll_cache_miss_rd|161668234520|100.00||
   312.234657760|394273596||ll_cache_miss_rd|161720540080|100.00||
   313.245416160|399911249||ll_cache_miss_rd|161736605400|100.00||
   314.255955720|405881106||ll_cache_miss_rd|161654032720|100.00||
   315.266524280|419049734||ll_cache_miss_rd|161710584440|100.00||
   316.277296760|422958524||ll_cache_miss_rd|161719022960|100.00||
   317.287911120|440165767||ll_cache_miss_rd|161691625560|100.00||
   318.298658080|438593286||ll_cache_miss_rd|161718922960|100.00||
   319.309321360|433757238||ll_cache_miss_rd|161720058200|100.00||
   320.319959520|450193861||ll_cache_miss_rd|161678110680|100.00||
   321.330570840|465070701||ll_cache_miss_rd|161726114400|100.00||
   322.341564800|489816658||ll_cache_miss_rd|161759564240|100.00||
   323.351945600|505734558||ll_cache_miss_rd|161635353960|100.00||
   324.362562000|515345233||ll_cache_miss_rd|161708294480|100.00||
   325.373232240|510348147||ll_cache_miss_rd|161702924840|100.00||
   326.383960880|519647128||ll_cache_miss_rd|161726471840|100.00||
   327.394753920|521406068||ll_cache_miss_rd|161769203600|100.00||
   328.405956400|521716990||ll_cache_miss_rd|161757740920|100.00||
   329.416997480|528499922||ll_cache_miss_rd|161753607960|100.00||
   330.427591720|531827447||ll_cache_miss_rd|161726880400|100.00||
   331.438520920|538576818||ll_cache_miss_rd|161752405520|100.00||
   332.461143080|551902546||ll_cache_miss_rd|163595619040|100.00||
   333.471922960|557074243||ll_cache_miss_rd|161688516080|100.00||
   334.482570680|570580251||ll_cache_miss_rd|161721266400|100.00||
   335.493263080|579200086||ll_cache_miss_rd|161719452040|100.00||
   336.503916760|582005938||ll_cache_miss_rd|161724968840|100.00||
   337.514879480|586247232||ll_cache_miss_rd|161780767640|100.00||
   338.526007680|589421040||ll_cache_miss_rd|161744057400|100.00||
   339.537021720|592601405||ll_cache_miss_rd|161755594280|100.00||
   340.547846760|600510162||ll_cache_miss_rd|161712928400|100.00||
   341.558408160|617199384||ll_cache_miss_rd|161711315840|100.00||
   342.569154080|639012105||ll_cache_miss_rd|161715596160|100.00||
   343.579889840|686141214||ll_cache_miss_rd|161703503080|100.00||
   344.590462760|732288293||ll_cache_miss_rd|161713394680|100.00||
   345.601415640|760472120||ll_cache_miss_rd|161813888600|100.00||
   346.633120640|793344658||ll_cache_miss_rd|164999369520|100.00||
   347.643931840|797654732||ll_cache_miss_rd|161749524680|100.00||
   348.654959320|814083351||ll_cache_miss_rd|161821450720|100.00||
   349.677062760|856734898||ll_cache_miss_rd|163497698360|100.00||
   350.687923800|835293157||ll_cache_miss_rd|161694867240|100.00||
   351.698697160|887146611||ll_cache_miss_rd|161754326640|100.00||
   352.717189240|915611834||ll_cache_miss_rd|162941202720|100.00||
   353.727878760|936692846||ll_cache_miss_rd|161765040560|100.00||
   354.761062040|999236379||ll_cache_miss_rd|165268106720|100.00||
   355.771925840|910862476||ll_cache_miss_rd|161774407920|100.00||
   356.805055560|725174903||ll_cache_miss_rd|165254584080|100.00||
   357.815953960|415145554||ll_cache_miss_rd|161727221480|100.00||
   358.826783920|301327830||ll_cache_miss_rd|161729341280|100.00||
   359.837385400|295327907||ll_cache_miss_rd|161704905080|100.00||
   360.847950640|297071349||ll_cache_miss_rd|161682436480|100.00||
   361.858609280|302689964||ll_cache_miss_rd|161723514520|100.00||
   362.869348160|305912733||ll_cache_miss_rd|161704279200|100.00||
   363.879942840|309458961||ll_cache_miss_rd|161683577120|100.00||
   364.890379960|322633033||ll_cache_miss_rd|161675234000|100.00||
   365.900958800|327656296||ll_cache_miss_rd|161691656520|100.00||
   366.911584280|337278579||ll_cache_miss_rd|161715689600|100.00||
   367.922222920|341963112||ll_cache_miss_rd|161693946880|100.00||
   368.932939480|346656740||ll_cache_miss_rd|161694795640|100.00||
   369.943425040|355194867||ll_cache_miss_rd|161710312440|100.00||
   370.954150520|363593310||ll_cache_miss_rd|161715025120|100.00||
   371.963945120|367995835||ll_cache_miss_rd|161572056120|100.00||
   372.974740440|374208877||ll_cache_miss_rd|161738466760|100.00||
   373.985473120|372737230||ll_cache_miss_rd|161673520560|100.00||
   374.995943680|382158289||ll_cache_miss_rd|161681740760|100.00||
   376.006657200|396115153||ll_cache_miss_rd|161738078440|100.00||
   377.017437560|406317827||ll_cache_miss_rd|161704964480|100.00||
   378.027949040|409777491||ll_cache_miss_rd|161678057400|100.00||
   379.038522160|415712046||ll_cache_miss_rd|161712729960|100.00||
   380.049411240|421117074||ll_cache_miss_rd|161740198680|100.00||
   381.059962840|422162238||ll_cache_miss_rd|161668640880|100.00||
   382.070479400|424216627||ll_cache_miss_rd|161704129000|100.00||
   383.081338840|437739481||ll_cache_miss_rd|161709162400|100.00||
   384.091937040|437451323||ll_cache_miss_rd|161695343160|100.00||
   385.102436440|440959221||ll_cache_miss_rd|161701462000|100.00||
   386.113141560|449514046||ll_cache_miss_rd|161705168680|100.00||
   387.123706800|459844125||ll_cache_miss_rd|161719969200|100.00||
   388.134543400|471272419||ll_cache_miss_rd|161735410520|100.00||
   389.145349480|476340110||ll_cache_miss_rd|161693399240|100.00||
   390.155884760|487822566||ll_cache_miss_rd|161690512360|100.00||
   391.166652760|511837989||ll_cache_miss_rd|161745691320|100.00||
   392.177507120|523066643||ll_cache_miss_rd|161733682840|100.00||
   393.187890320|538294245||ll_cache_miss_rd|161650727200|100.00||
   394.198793040|555501651||ll_cache_miss_rd|161766100960|100.00||
   395.209779760|555717960||ll_cache_miss_rd|161743185760|100.00||
   396.219940360|553512035||ll_cache_miss_rd|161597039000|100.00||
   397.230516120|559439588||ll_cache_miss_rd|161702289640|100.00||
   398.241034200|570633920||ll_cache_miss_rd|161680848120|100.00||
   399.251579320|581678405||ll_cache_miss_rd|161719214200|100.00||
   400.262438080|594211890||ll_cache_miss_rd|161741378320|100.00||
   401.273410800|608307610||ll_cache_miss_rd|161722022520|100.00||
   402.283939520|639737571||ll_cache_miss_rd|161705080360|100.00||
   403.294624560|626355591||ll_cache_miss_rd|161752552920|100.00||
   404.305834320|635307575||ll_cache_miss_rd|161743129680|100.00||
   405.315900200|641023778||ll_cache_miss_rd|161594644240|100.00||
   406.326568120|653804506||ll_cache_miss_rd|161746440080|100.00||
   407.337665440|682612818||ll_cache_miss_rd|161740172680|100.00||
   408.347968280|704793219||ll_cache_miss_rd|161636001200|100.00||
   409.358577000|699195188||ll_cache_miss_rd|161725048120|100.00||
   410.369376040|705037582||ll_cache_miss_rd|161725318320|100.00||
   411.379928880|720034704||ll_cache_miss_rd|161673237440|100.00||
   412.390510720|763071040||ll_cache_miss_rd|161712027920|100.00||
   413.401379680|767731344||ll_cache_miss_rd|161724703760|100.00||
   414.411932160|819895889||ll_cache_miss_rd|161697169600|100.00||
   415.422758680|818708899||ll_cache_miss_rd|161733160440|100.00||
   416.433664400|851446041||ll_cache_miss_rd|161761612680|100.00||
   417.443940560|862076739||ll_cache_miss_rd|161643970120|100.00||
   418.454834560|878905887||ll_cache_miss_rd|161745317480|100.00||
   419.465725040|925988835||ll_cache_miss_rd|161710586120|100.00||
   420.475913800|918700284||ll_cache_miss_rd|161608378120|100.00||
   421.486395480|947418052||ll_cache_miss_rd|161706344280|100.00||
   422.497372280|986362154||ll_cache_miss_rd|161747985240|100.00||
   423.507905520|986434910||ll_cache_miss_rd|161695911920|100.00||
   424.525074480|1020453175||ll_cache_miss_rd|162764420320|100.00||
   425.535876720|1056493102||ll_cache_miss_rd|161682155120|100.00||
   426.546426400|1066734898||ll_cache_miss_rd|161710829280|100.00||
   427.557212320|1098629257||ll_cache_miss_rd|161736049560|100.00||
   428.567882600|1101101626||ll_cache_miss_rd|161686758760|100.00||
   429.578573760|1139013631||ll_cache_miss_rd|161726823440|100.00||
   430.589386480|1188836880||ll_cache_miss_rd|161708113520|100.00||
   431.599887320|1253902266||ll_cache_miss_rd|161685556440|100.00||
   432.610566640|1278092166||ll_cache_miss_rd|161714522520|100.00||
   433.621375040|1336693218||ll_cache_miss_rd|161752933880|100.00||
   434.631896360|1380615128||ll_cache_miss_rd|161676909040|100.00||
   435.649090520|1445209164||ll_cache_miss_rd|162761399120|100.00||
   436.659971600|1471280941||ll_cache_miss_rd|161738598840|100.00||
   437.673087920|1524212072||ll_cache_miss_rd|162100970960|100.00||
   438.689113160|1496160936||ll_cache_miss_rd|162544770840|100.00||
   439.699869920|1286675623||ll_cache_miss_rd|161792029840|100.00||
   440.613161920|676640654||ll_cache_miss_rd|146038061000|100.00||
