     1.001083240|706841073||ll_cache_miss_rd|261092820160|100.00||
     2.029266880|337796219||ll_cache_miss_rd|164459142040|100.00||
     3.040002560|550996482||ll_cache_miss_rd|161940425120|100.00||
     4.097223160|454052612||ll_cache_miss_rd|168944431040|100.00||
     5.107989440|430952790||ll_cache_miss_rd|161700946920|100.00||
     6.119208640|591279572||ll_cache_miss_rd|161819224320|100.00||
     7.130720680|349564395||ll_cache_miss_rd|161838347840|100.00||
     8.142722400|569080162||ll_cache_miss_rd|161923713080|100.00||
     9.153956480|407036248||ll_cache_miss_rd|161754075120|100.00||
    10.163989440|440962396||ll_cache_miss_rd|161607189400|100.00||
    11.175012120|581770151||ll_cache_miss_rd|161797932760|100.00||
    12.186351640|356764098||ll_cache_miss_rd|161806530000|100.00||
    13.198130400|577915968||ll_cache_miss_rd|161875082760|100.00||
    14.209366240|390336987||ll_cache_miss_rd|161764492600|100.00||
    15.219949840|457347605||ll_cache_miss_rd|161777242480|100.00||
    16.253179640|572825542||ll_cache_miss_rd|165252209920|100.00||
    17.263972520|368292798||ll_cache_miss_rd|161746746560|100.00||
    18.275716800|587982199||ll_cache_miss_rd|161934276320|100.00||
    19.287211320|374336555||ll_cache_miss_rd|161808676640|100.00||
    20.298458640|474812350||ll_cache_miss_rd|161792408400|100.00||
    21.309854640|545513051||ll_cache_miss_rd|161795226920|100.00||
    22.321024440|376144589||ll_cache_miss_rd|161787547560|100.00||
    23.332022520|587671725||ll_cache_miss_rd|161757060200|100.00||
    24.343045280|370331437||ll_cache_miss_rd|161769419080|100.00||
    25.354231040|485379658||ll_cache_miss_rd|161809482640|100.00||
    26.373169480|531768172||ll_cache_miss_rd|162991324200|100.00||
    27.383956960|385769276||ll_cache_miss_rd|161763333840|100.00||
    28.405613040|362244635||ll_cache_miss_rd|163449882400|100.00||
    29.415947800|223099011||ll_cache_miss_rd|161676372200|100.00||
    30.427246840|280959284||ll_cache_miss_rd|161857478320|100.00||
    31.445253520|504770683||ll_cache_miss_rd|162800323880|100.00||
    32.456010120|394788186||ll_cache_miss_rd|161748988560|100.00||
    33.469192400|600182155||ll_cache_miss_rd|162080831520|100.00||
    34.479980040|374849704||ll_cache_miss_rd|161715715160|100.00||
    35.490952800|513063751||ll_cache_miss_rd|161792096680|100.00||
    36.502314000|518283043||ll_cache_miss_rd|161814672880|100.00||
    37.521246720|408159875||ll_cache_miss_rd|163020774080|100.00||
    38.532002760|594041181||ll_cache_miss_rd|161701321320|100.00||
    39.542967720|379520717||ll_cache_miss_rd|161772383880|100.00||
    40.554073280|522479071||ll_cache_miss_rd|161890784000|100.00||
    41.601242200|514999905||ll_cache_miss_rd|167407017080|100.00||
    42.612004200|424085418||ll_cache_miss_rd|161744322240|100.00||
    43.625556840|585911983||ll_cache_miss_rd|162164135640|100.00||
    44.636000560|378178441||ll_cache_miss_rd|161682689720|100.00||
    45.647046080|541814017||ll_cache_miss_rd|161809071600|100.00||
    46.658531160|479204080||ll_cache_miss_rd|161791928840|100.00||
    47.669659000|433512291||ll_cache_miss_rd|161791205480|100.00||
    48.681442720|575231784||ll_cache_miss_rd|161881805160|100.00||
    49.691915080|381231905||ll_cache_miss_rd|161636840520|100.00||
    50.702847600|543666066||ll_cache_miss_rd|161798643520|100.00||
    51.725213480|477513074||ll_cache_miss_rd|163535023800|100.00||
    52.735993960|440558641||ll_cache_miss_rd|161739495160|100.00||
    53.747496880|563783024||ll_cache_miss_rd|161858251480|100.00||
    54.758781800|386211124||ll_cache_miss_rd|161802994560|100.00||
    55.770049840|413060245||ll_cache_miss_rd|161799022080|100.00||
    56.781454680|245773689||ll_cache_miss_rd|161808971680|100.00||
    57.791984240|261678142||ll_cache_miss_rd|161694863320|100.00||
    58.803519880|461605439||ll_cache_miss_rd|161866277200|100.00||
    59.814787080|396797875||ll_cache_miss_rd|161789557120|100.00||
    60.826038080|548170289||ll_cache_miss_rd|161851428840|100.00||
    61.837705840|479907732||ll_cache_miss_rd|161806629800|100.00||
    62.848988520|455175544||ll_cache_miss_rd|161810263240|100.00||
    63.859973320|556098453||ll_cache_miss_rd|161768380800|100.00||
    64.881239240|410054039||ll_cache_miss_rd|163392060480|100.00||
    65.891995000|544230994||ll_cache_miss_rd|161711113440|100.00||
    66.903146680|475544311||ll_cache_miss_rd|161794090480|100.00||
    67.914268000|460632470||ll_cache_miss_rd|161785244200|100.00||
    68.929672480|548849226||ll_cache_miss_rd|162459244360|100.00||
    69.941022800|412538309||ll_cache_miss_rd|161806821000|100.00||
    70.951991040|542220067||ll_cache_miss_rd|161725247840|100.00||
    71.962861000|476610826||ll_cache_miss_rd|161783677960|100.00||
    72.974182560|467200977||ll_cache_miss_rd|161809854680|100.00||
    73.985778360|538258128||ll_cache_miss_rd|161843732840|100.00||
    74.997085920|421248333||ll_cache_miss_rd|161812496880|100.00||
    76.007995800|535783275||ll_cache_miss_rd|161765705480|100.00||
    77.033141440|484050708||ll_cache_miss_rd|163995956680|100.00||
    78.044009520|473000984||ll_cache_miss_rd|161749978560|100.00||
    79.055676280|530172944||ll_cache_miss_rd|161885746760|100.00||
    80.067039080|432392213||ll_cache_miss_rd|161834241280|100.00||
    81.078478000|529132297||ll_cache_miss_rd|161809261560|100.00||
    82.089936760|475715600||ll_cache_miss_rd|161810522440|100.00||
    83.101002080|391924856||ll_cache_miss_rd|161762865920|100.00||
    84.111997000|315103200||ll_cache_miss_rd|161757147720|100.00||
    85.123090880|251693058||ll_cache_miss_rd|162317543400|100.00||
    86.138098800|375269787||ll_cache_miss_rd|161898234680|100.00||
    87.149611120|455458550||ll_cache_miss_rd|161828862320|100.00||
    88.161058600|479802636||ll_cache_miss_rd|161820109960|100.00||
    89.172006040|527489606||ll_cache_miss_rd|161752236680|100.00||
    90.183233840|449215341||ll_cache_miss_rd|161817980360|100.00||
    91.194579480|519906453||ll_cache_miss_rd|161799592560|100.00||
    92.205853440|486476372||ll_cache_miss_rd|161771253160|100.00||
    93.215984240|478673150||ll_cache_miss_rd|161647841000|100.00||
    94.227516280|524816769||ll_cache_miss_rd|161845497920|100.00||
    95.238669840|457655381||ll_cache_miss_rd|161780100200|100.00||
    96.249709400|512662371||ll_cache_miss_rd|161773991920|100.00||
    97.261043480|488549443||ll_cache_miss_rd|161804062040|100.00||
    98.271969200|476967661||ll_cache_miss_rd|161733966360|100.00||
    99.283211560|520340226||ll_cache_miss_rd|161833803800|100.00||
   100.294500880|464536379||ll_cache_miss_rd|161793957360|100.00||
   101.305656040|506250109||ll_cache_miss_rd|161766863000|100.00||
   102.315995400|489939478||ll_cache_miss_rd|161652671000|100.00||
   103.327049240|478788887||ll_cache_miss_rd|161809105520|100.00||
   104.338666120|519483451||ll_cache_miss_rd|161852678960|100.00||
   105.350026440|471278042||ll_cache_miss_rd|161787995920|100.00||
   106.361094800|501902035||ll_cache_miss_rd|161760483640|100.00||
   107.371942120|492960472||ll_cache_miss_rd|161742306280|100.00||
   108.382918760|475360903||ll_cache_miss_rd|161772366720|100.00||
   109.397645360|522257384||ll_cache_miss_rd|162344377800|100.00||
   110.407994640|412843284||ll_cache_miss_rd|161651641960|100.00||
   111.418913400|359486563||ll_cache_miss_rd|161889369440|100.00||
   112.469207040|286336840||ll_cache_miss_rd|167922961880|100.00||
   113.479992560|325590768||ll_cache_miss_rd|162058287880|100.00||
   114.565823240|467248644||ll_cache_miss_rd|173461072800|100.00||
   115.597201280|492785100||ll_cache_miss_rd|165010037720|100.00||
   116.607981040|501295244||ll_cache_miss_rd|161688560960|100.00||
   117.619215480|500424235||ll_cache_miss_rd|161827254120|100.00||
   118.630740440|471788471||ll_cache_miss_rd|161849104000|100.00||
   119.653538200|526103458||ll_cache_miss_rd|163605713640|100.00||
   120.663936600|487259370||ll_cache_miss_rd|161665536720|100.00||
   121.675048000|501071160||ll_cache_miss_rd|161795677720|100.00||
   122.689139360|503200932||ll_cache_miss_rd|162239266480|100.00||
   123.699966200|467316889||ll_cache_miss_rd|161732448880|100.00||
   124.711353800|521833611||ll_cache_miss_rd|161848016680|100.00||
   125.722742720|487766707||ll_cache_miss_rd|161811580080|100.00||
   126.737258520|503331338||ll_cache_miss_rd|162339667920|100.00||
   127.747969320|502722964||ll_cache_miss_rd|161672229680|100.00||
   128.759043920|464613998||ll_cache_miss_rd|161797229240|100.00||
   129.770736240|522316436||ll_cache_miss_rd|161860149280|100.00||
   130.781951800|485796222||ll_cache_miss_rd|161796915240|100.00||
   131.793067040|500522302||ll_cache_miss_rd|161786551640|100.00||
   132.803990160|505284926||ll_cache_miss_rd|161721947560|100.00||
   133.814984000|461153613||ll_cache_miss_rd|161812702640|100.00||
   134.845612480|534058741||ll_cache_miss_rd|164856075160|100.00||
   135.855992480|486042437||ll_cache_miss_rd|161697263400|100.00||
   136.867507120|502452426||ll_cache_miss_rd|161843992560|100.00||
   137.878997040|444100351||ll_cache_miss_rd|161823011720|100.00||
   138.890454760|365970852||ll_cache_miss_rd|161845473640|100.00||
   139.902483000|314124414||ll_cache_miss_rd|161922449680|100.00||
   140.913819680|319582406||ll_cache_miss_rd|161831060880|100.00||
   141.945192080|405562962||ll_cache_miss_rd|164977092680|100.00||
   142.956011160|476873620||ll_cache_miss_rd|161737761120|100.00||
   143.967410760|463707573||ll_cache_miss_rd|161869489760|100.00||
   144.979145360|531030191||ll_cache_miss_rd|161882211200|100.00||
   146.009221680|491790426||ll_cache_miss_rd|164757588160|100.00||
   147.019986640|511337803||ll_cache_miss_rd|161713216600|100.00||
   148.031082440|505934842||ll_cache_miss_rd|161802275680|100.00||
   149.042362920|463385480||ll_cache_miss_rd|161791971040|100.00||
   150.054030240|532983146||ll_cache_miss_rd|161913540320|100.00||
   151.089156000|490754425||ll_cache_miss_rd|165568212000|100.00||
   152.099985160|515511328||ll_cache_miss_rd|161708775440|100.00||
   153.111019440|502465240||ll_cache_miss_rd|161811646000|100.00||
   154.129143240|470013747||ll_cache_miss_rd|162863499400|100.00||
   155.139963840|530117313||ll_cache_miss_rd|161731006440|100.00||
   156.151083640|479330105||ll_cache_miss_rd|161794791720|100.00||
   157.162189800|516788398||ll_cache_miss_rd|161781684360|100.00||
   158.173535480|498755355||ll_cache_miss_rd|161802661040|100.00||
   159.183989800|470545395||ll_cache_miss_rd|161672642840|100.00||
   160.195539840|529126154||ll_cache_miss_rd|161877455480|100.00||
   161.206862680|477790798||ll_cache_miss_rd|161813302080|100.00||
   162.218349200|518491898||ll_cache_miss_rd|161832521320|100.00||
   163.229897080|493430829||ll_cache_miss_rd|161838660800|100.00||
   164.249118960|475134502||ll_cache_miss_rd|163050936800|100.00||
   165.260015040|476070003||ll_cache_miss_rd|161735939360|100.00||
   166.271155920|395235505||ll_cache_miss_rd|161811354800|100.00||
   167.282492280|334682198||ll_cache_miss_rd|161832985200|100.00||
   168.294147080|343163345||ll_cache_miss_rd|161841723000|100.00||
   169.305415160|338229025||ll_cache_miss_rd|161811185080|100.00||
   170.317446160|472126727||ll_cache_miss_rd|161910751320|100.00||
   171.327970640|472088670||ll_cache_miss_rd|161685855680|100.00||
   172.349146000|531207077||ll_cache_miss_rd|163400253000|100.00||
   173.359990360|490028010||ll_cache_miss_rd|161735860160|100.00||
   174.371368680|482505438||ll_cache_miss_rd|161863421800|100.00||
   175.389549440|530617826||ll_cache_miss_rd|162855881040|100.00||
   176.399999360|479106191||ll_cache_miss_rd|161662421680|100.00||
   177.411202480|528355707||ll_cache_miss_rd|161835034840|100.00||
   178.429203880|487294272||ll_cache_miss_rd|162840789800|100.00||
   179.440005760|489645334||ll_cache_miss_rd|161719709120|100.00||
   180.451536320|522195987||ll_cache_miss_rd|161893425040|100.00||
   181.473194360|484338275||ll_cache_miss_rd|163424647440|100.00||
   182.483993320|532456686||ll_cache_miss_rd|161731323040|100.00||
   183.501242720|481223245||ll_cache_miss_rd|162762552320|100.00||
   184.511993280|494310051||ll_cache_miss_rd|161712242680|100.00||
   185.523594720|519460314||ll_cache_miss_rd|161884818240|100.00||
   186.534879200|479992365||ll_cache_miss_rd|161800003640|100.00||
   187.546310960|533576835||ll_cache_miss_rd|161840822800|100.00||
   188.557912960|476897234||ll_cache_miss_rd|161832194440|100.00||
   189.569348560|499397711||ll_cache_miss_rd|161837505760|100.00||
   190.580010320|514450403||ll_cache_miss_rd|161689163240|100.00||
   191.591167600|482860049||ll_cache_miss_rd|161807749320|100.00||
   192.613179000|497875704||ll_cache_miss_rd|163507460360|100.00||
   193.623983360|393303572||ll_cache_miss_rd|161710594760|100.00||
   194.635204280|373623472||ll_cache_miss_rd|161820822480|100.00||
   195.646881760|354570693||ll_cache_miss_rd|161908385840|100.00||
   196.666962840|325322103||ll_cache_miss_rd|163201015920|100.00||
   197.678459320|457261542||ll_cache_miss_rd|161848766040|100.00||
   198.701213120|438172968||ll_cache_miss_rd|163622317160|100.00||
   199.725074840|519858144||ll_cache_miss_rd|163800846240|100.00||
   200.737497400|506391239||ll_cache_miss_rd|161981902200|100.00||
   201.749040760|492207993||ll_cache_miss_rd|161839149400|100.00||
   202.760005440|537862916||ll_cache_miss_rd|161749926040|100.00||
   203.771154440|468298928||ll_cache_miss_rd|161786095680|100.00||
   204.782338720|517050746||ll_cache_miss_rd|161803392720|100.00||
   205.794102360|502328770||ll_cache_miss_rd|161883918640|100.00||
   206.805484600|495606767||ll_cache_miss_rd|161805860680|100.00||
   207.815971040|535188538||ll_cache_miss_rd|161704652880|100.00||
   208.827349640|468624328||ll_cache_miss_rd|161849389400|100.00||
   209.838909120|520816654||ll_cache_miss_rd|161888806400|100.00||
   210.885595560|510955283||ll_cache_miss_rd|167384303680|100.00||
   211.896917520|504123782||ll_cache_miss_rd|161826283560|100.00||
   212.907983120|531859449||ll_cache_miss_rd|161743100040|100.00||
   213.925167240|470236648||ll_cache_miss_rd|162754860560|100.00||
   214.935990480|527751423||ll_cache_miss_rd|161745049520|100.00||
   215.953669440|488230259||ll_cache_miss_rd|162823322720|100.00||
   216.965108960|508628667||ll_cache_miss_rd|161806997640|100.00||
   217.975928280|529983061||ll_cache_miss_rd|161756019480|100.00||
   218.987247840|464055264||ll_cache_miss_rd|161857885800|100.00||
   220.017128120|505316725||ll_cache_miss_rd|164765741040|100.00||
   221.029128040|404353990||ll_cache_miss_rd|161880363280|100.00||
   222.039960120|416062352||ll_cache_miss_rd|161729894040|100.00||
   223.051152280|358681090||ll_cache_miss_rd|161881978400|100.00||
   224.085211720|354736610||ll_cache_miss_rd|165371019840|100.00||
   225.095933000|410351059||ll_cache_miss_rd|161715310160|100.00||
   226.107951160|428108854||ll_cache_miss_rd|161906060440|100.00||
   227.125133120|507901476||ll_cache_miss_rd|162766507840|100.00||
   228.135978320|524671045||ll_cache_miss_rd|161728460240|100.00||
   229.147198960|470176065||ll_cache_miss_rd|161819861240|100.00||
   230.158763920|537559102||ll_cache_miss_rd|161832963120|100.00||
   231.170440640|473434648||ll_cache_miss_rd|161871738200|100.00||
   232.181949440|524147352||ll_cache_miss_rd|161827330560|100.00||
   233.193274200|521754069||ll_cache_miss_rd|161799689400|100.00||
   234.203973680|471345326||ll_cache_miss_rd|161734697200|100.00||
   235.221170520|545207807||ll_cache_miss_rd|162754661200|100.00||
   236.233164960|466764495||ll_cache_miss_rd|161901849000|100.00||
   237.243975360|527565047||ll_cache_miss_rd|161732962120|100.00||
   238.255228920|519871259||ll_cache_miss_rd|161808833800|100.00||
   239.266458920|473480432||ll_cache_miss_rd|161834375880|100.00||
   240.278007280|541600956||ll_cache_miss_rd|161803652880|100.00||
   241.289706840|465362081||ll_cache_miss_rd|161871610120|100.00||
   242.301149400|530468881||ll_cache_miss_rd|161819883080|100.00||
   243.311999440|514697387||ll_cache_miss_rd|161730897240|100.00||
   244.323132400|476877381||ll_cache_miss_rd|161819889080|100.00||
   245.341166120|544986319||ll_cache_miss_rd|162852688400|100.00||
   246.352002680|460265242||ll_cache_miss_rd|161726838320|100.00||
   247.362981560|505066854||ll_cache_miss_rd|161794627320|100.00||
   248.374454760|437095862||ll_cache_miss_rd|161815636320|100.00||
   249.385962200|400178304||ll_cache_miss_rd|161885469200|100.00||
   250.397605560|403036162||ll_cache_miss_rd|161811281880|100.00||
   251.409237760|356315993||ll_cache_miss_rd|161846297800|100.00||
   252.419975800|377734998||ll_cache_miss_rd|161733812000|100.00||
   253.431185040|451796660||ll_cache_miss_rd|161803380920|100.00||
   254.442506920|436822413||ll_cache_miss_rd|161816070160|100.00||
   255.453770160|545482916||ll_cache_miss_rd|161796686440|100.00||
   256.465553840|460746487||ll_cache_miss_rd|161884330320|100.00||
   257.476001000|540678086||ll_cache_miss_rd|161716299640|100.00||
   258.487569600|505842952||ll_cache_miss_rd|161813937360|100.00||
   259.498933320|480639341||ll_cache_miss_rd|161876275200|100.00||
   260.533131720|557373274||ll_cache_miss_rd|165391672280|100.00||
   261.543994320|458947719||ll_cache_miss_rd|161751050800|100.00||
   262.557127080|543353794||ll_cache_miss_rd|162105351280|100.00||
   263.567959960|501072057||ll_cache_miss_rd|161718117720|100.00||
   264.579127880|487778131||ll_cache_miss_rd|161817656600|100.00||
   265.601209000|551698041||ll_cache_miss_rd|163501209280|100.00||
   266.611983560|457452663||ll_cache_miss_rd|161717119400|100.00||
   267.623028440|547214825||ll_cache_miss_rd|161799655600|100.00||
   268.634511280|495941763||ll_cache_miss_rd|161870264560|100.00||
   269.665191640|502992667||ll_cache_miss_rd|164869585000|100.00||
   270.675992640|544274147||ll_cache_miss_rd|161719594960|100.00||
   271.687399200|455861302||ll_cache_miss_rd|161862654240|100.00||
   272.698883800|549520094||ll_cache_miss_rd|161815343360|100.00||
   273.710355680|490912786||ll_cache_miss_rd|161825603040|100.00||
   274.721768080|468477129||ll_cache_miss_rd|161815916600|100.00||
   275.733164440|476825160||ll_cache_miss_rd|161820939960|100.00||
   276.743987120|381126479||ll_cache_miss_rd|161728882120|100.00||
   277.755075480|454403983||ll_cache_miss_rd|161798763840|100.00||
   278.766433360|355127011||ll_cache_miss_rd|161851942080|100.00||
   279.785117760|390195371||ll_cache_miss_rd|162942452080|100.00||
   280.795984640|428020097||ll_cache_miss_rd|161737744840|100.00||
   281.807652920|415537200||ll_cache_miss_rd|161888896160|100.00||
   282.819082200|527030116||ll_cache_miss_rd|161797386200|100.00||
   283.830253600|494322922||ll_cache_miss_rd|161827280920|100.00||
   284.857159240|506250113||ll_cache_miss_rd|164277507880|100.00||
   285.868009320|542418663||ll_cache_miss_rd|161704600120|100.00||
   286.879350320|459383135||ll_cache_miss_rd|161832746240|100.00||
   287.890422480|553507991||ll_cache_miss_rd|161779096200|100.00||
   288.901690680|489894459||ll_cache_miss_rd|161797455720|100.00||
   289.911982160|498383346||ll_cache_miss_rd|161643534920|100.00||
   290.923075800|542006975||ll_cache_miss_rd|161809180000|100.00||
   291.934922160|457415990||ll_cache_miss_rd|161881177360|100.00||
   292.946204160|551413415||ll_cache_miss_rd|161809021800|100.00||
   293.957768880|490431782||ll_cache_miss_rd|161823362360|100.00||
   294.969015720|499027495||ll_cache_miss_rd|161829009160|100.00||
   295.979997480|542859819||ll_cache_miss_rd|161742744160|100.00||
   296.993567640|460233044||ll_cache_miss_rd|162162097320|100.00||
   298.003983400|551533536||ll_cache_miss_rd|161649855520|100.00||
   299.015008480|491061219||ll_cache_miss_rd|161792239240|100.00||
   300.033154600|504267302||ll_cache_miss_rd|162908254400|100.00||
   301.043978480|538876601||ll_cache_miss_rd|161700972920|100.00||
   302.055536000|437970427||ll_cache_miss_rd|161887022320|100.00||
   303.066888360|489298686||ll_cache_miss_rd|161826703680|100.00||
   304.078256400|419501109||ll_cache_miss_rd|161787839080|100.00||
   305.089497120|420798809||ll_cache_miss_rd|161801731880|100.00||
   306.099906280|415387337||ll_cache_miss_rd|161642608360|100.00||
   307.111346880|375933684||ll_cache_miss_rd|162025404000|100.00||
   308.169207040|425068816||ll_cache_miss_rd|169089179720|100.00||
   309.180001760|441644260||ll_cache_miss_rd|161719841920|100.00||
   310.197216680|462780266||ll_cache_miss_rd|162788784480|100.00||
   311.208008960|537777350||ll_cache_miss_rd|161667637160|100.00||
   312.218994640|458868114||ll_cache_miss_rd|161790341720|100.00||
   313.230402880|554489284||ll_cache_miss_rd|161809002440|100.00||
   314.241560120|489152185||ll_cache_miss_rd|161792473840|100.00||
   315.251937120|505592369||ll_cache_miss_rd|161653321680|100.00||
   316.263122320|543867532||ll_cache_miss_rd|161816224280|100.00||
   317.285538800|467399624||ll_cache_miss_rd|163586718320|100.00||
   318.297025640|551719550||ll_cache_miss_rd|161845400120|100.00||
   319.307987200|488650460||ll_cache_miss_rd|161762843880|100.00||
   320.337079360|518075655||ll_cache_miss_rd|164673604120|100.00||
   321.347986720|540461626||ll_cache_miss_rd|161672993400|100.00||
   322.359325400|461035316||ll_cache_miss_rd|161837060040|100.00||
   323.370534120|551446204||ll_cache_miss_rd|161855673360|100.00||
   324.405223600|496089161||ll_cache_miss_rd|165469534640|100.00||
   325.415983120|511116155||ll_cache_miss_rd|161722344760|100.00||
   326.427233480|541556656||ll_cache_miss_rd|161867103120|100.00||
   327.445586960|464811622||ll_cache_miss_rd|162882525800|100.00||
   328.455976040|549583821||ll_cache_miss_rd|161664253240|100.00||
   329.473127760|467345990||ll_cache_miss_rd|162737057800|100.00||
   330.483988960|451610058||ll_cache_miss_rd|161740317800|100.00||
   331.495090920|475209072||ll_cache_miss_rd|161797122200|100.00||
   332.506925760|387929899||ll_cache_miss_rd|161907772320|100.00||
   333.518265080|461414423||ll_cache_miss_rd|161797020160|100.00||
   334.529644280|374424310||ll_cache_miss_rd|161793957080|100.00||
   335.539999400|403859119||ll_cache_miss_rd|161681671640|100.00||
   336.565150160|450274577||ll_cache_miss_rd|164028027120|100.00||
   337.577166240|423501707||ll_cache_miss_rd|161911841840|100.00||
   338.587976920|520143595||ll_cache_miss_rd|161752814800|100.00||
   339.617251800|481250670||ll_cache_miss_rd|164686204240|100.00||
   340.627998360|464409669||ll_cache_miss_rd|161662835120|100.00||
   341.638979400|489678574||ll_cache_miss_rd|161827783880|100.00||
   342.661219080|460612275||ll_cache_miss_rd|163521920280|100.00||
   343.672000040|618635563||ll_cache_miss_rd|161718484520|100.00||
   344.689093960|529191678||ll_cache_miss_rd|162742856880|100.00||
   345.699988000|542168048||ll_cache_miss_rd|161737048000|100.00||
   346.711320440|591213092||ll_cache_miss_rd|161849771720|100.00||
   347.723079160|633324099||ll_cache_miss_rd|161879498120|100.00||
   348.741168560|757594146||ll_cache_miss_rd|162877348640|100.00||
   349.761164440|775191586||ll_cache_miss_rd|163202067640|100.00||
   350.777143240|639716163||ll_cache_miss_rd|162579054040|100.00||
   351.797116080|572606515||ll_cache_miss_rd|163211253480|100.00||
   352.813726080|603883394||ll_cache_miss_rd|162595622720|100.00||
   353.825034040|657130153||ll_cache_miss_rd|161837831960|100.00||
   354.835971160|784744171||ll_cache_miss_rd|162095705080|100.00||
   355.917211520|726531137||ll_cache_miss_rd|172662030240|100.00||
   356.927889800|614349120||ll_cache_miss_rd|161683720800|100.00||
   357.945499600|557711852||ll_cache_miss_rd|162818486800|100.00||
   358.957068280|635879525||ll_cache_miss_rd|161892921280|100.00||
   359.969036400|728338386||ll_cache_miss_rd|161874173560|100.00||
   360.979963480|764698232||ll_cache_miss_rd|161819140320|100.00||
   362.017153080|654240783||ll_cache_miss_rd|165914563480|100.00||
   363.045553880|569924217||ll_cache_miss_rd|164495816040|100.00||
   364.056021320|608361555||ll_cache_miss_rd|161687880160|100.00||
   365.077249600|674182800||ll_cache_miss_rd|163502452760|100.00||
   366.113139640|813319358||ll_cache_miss_rd|165671476120|100.00||
   367.145235120|689652523||ll_cache_miss_rd|165106687840|100.00||
   368.161442200|610172479||ll_cache_miss_rd|162566385640|100.00||
   369.171990480|553950751||ll_cache_miss_rd|161693252200|100.00||
   370.183266760|644691707||ll_cache_miss_rd|161843305680|100.00||
   371.201202520|739863723||ll_cache_miss_rd|162847644720|100.00||
   372.217157680|764722932||ll_cache_miss_rd|162564899080|100.00||
   373.229050760|634270351||ll_cache_miss_rd|161908291920|100.00||
   374.257169360|566486525||ll_cache_miss_rd|164520787320|100.00||
   375.269057480|609876736||ll_cache_miss_rd|161911174840|100.00||
   376.301180120|691579101||ll_cache_miss_rd|165131796600|100.00||
   377.321235240|809912843||ll_cache_miss_rd|163181595920|100.00||
   378.341638080|683095832||ll_cache_miss_rd|163279478320|100.00||
   379.373095080|611991269||ll_cache_miss_rd|165002225640|100.00||
   380.383998600|557751611||ll_cache_miss_rd|161789783440|100.00||
   381.417133080|667075040||ll_cache_miss_rd|165263417360|100.00||
   382.427992720|740454588||ll_cache_miss_rd|161754538800|100.00||
   383.457547400|767131177||ll_cache_miss_rd|164712747360|100.00||
   384.469090800|628304479||ll_cache_miss_rd|161843596320|100.00||
   385.479959120|551952984||ll_cache_miss_rd|161830646920|100.00||
   386.529181320|638728833||ll_cache_miss_rd|167771901640|100.00||
   387.540004000|690301336||ll_cache_miss_rd|161743662680|100.00||
   388.551954440|797921131||ll_cache_miss_rd|161996721800|100.00||
   389.605189160|690729259||ll_cache_miss_rd|168431080680|100.00||
   390.615945400|591279694||ll_cache_miss_rd|161696866680|100.00||
   391.627215400|557665852||ll_cache_miss_rd|161862356760|100.00||
   392.649158920|669698746||ll_cache_miss_rd|163515218360|100.00||
   393.681564320|771137236||ll_cache_miss_rd|165158335840|100.00||
   394.701229720|751990915||ll_cache_miss_rd|163132435640|100.00||
   395.717151560|624287928||ll_cache_miss_rd|162565527600|100.00||
   396.727928320|543188352||ll_cache_miss_rd|161704145760|100.00||
   397.741146640|623242805||ll_cache_miss_rd|162125433080|100.00||
   398.753496640|697105738||ll_cache_miss_rd|161995662480|100.00||
   399.781249600|820184290||ll_cache_miss_rd|164417928040|100.00||
   400.797152000|669895722||ll_cache_miss_rd|162552118280|100.00||
   401.807984080|587142538||ll_cache_miss_rd|161769087040|100.00||
   402.841184240|564325683||ll_cache_miss_rd|165264765720|100.00||
   403.857618400|669423231||ll_cache_miss_rd|162640295000|100.00||
   404.873191280|762311850||ll_cache_miss_rd|162503940240|100.00||
   405.893214080|763744972||ll_cache_miss_rd|163171003400|100.00||
   406.903957200|624510424||ll_cache_miss_rd|161710768880|100.00||
   407.915213720|541708484||ll_cache_miss_rd|161840977160|100.00||
   408.927229640|598709928||ll_cache_miss_rd|162000319520|100.00||
   409.961205600|613913595||ll_cache_miss_rd|165468464360|100.00||
   411.013178680|638104510||ll_cache_miss_rd|168258986280|100.00||
   411.451728520|200538268||ll_cache_miss_rd|70050050240|100.00||
