     1.001040880|1442339||ll_cache_miss_rd|266323833640|100.00||
     2.007241120|836669||ll_cache_miss_rd|160927252560|100.00||
     3.011940880|934384||ll_cache_miss_rd|160725694720|100.00||
     4.017117720|919300||ll_cache_miss_rd|160835487360|100.00||
     5.022329000|799214||ll_cache_miss_rd|160827010520|100.00||
     6.027383320|792885||ll_cache_miss_rd|160820099200|100.00||
     7.031853920|1214075||ll_cache_miss_rd|160710230640|100.00||
     8.037112920|812653||ll_cache_miss_rd|160841380080|100.00||
     9.042286400|898335||ll_cache_miss_rd|160830020920|100.00||
    10.047471440|752998||ll_cache_miss_rd|160839981160|100.00||
    11.051864120|810533||ll_cache_miss_rd|160673991480|100.00||
    12.055854760|774625||ll_cache_miss_rd|160638566840|100.00||
    13.059887600|893188||ll_cache_miss_rd|160669453520|100.00||
    14.065106800|869842||ll_cache_miss_rd|160829163280|100.00||
    15.070386200|816860||ll_cache_miss_rd|160849009960|100.00||
    16.075547400|836992||ll_cache_miss_rd|160826466280|100.00||
    17.079878160|839548||ll_cache_miss_rd|160700565320|100.00||
    18.085110000|737812||ll_cache_miss_rd|160810949160|100.00||
    19.090131360|853518||ll_cache_miss_rd|160836034400|100.00||
    20.095418560|710265||ll_cache_miss_rd|160832244000|100.00||
    21.099944360|837521||ll_cache_miss_rd|160720038240|100.00||
    22.105061600|746579||ll_cache_miss_rd|160802474520|100.00||
    23.110116000|804516||ll_cache_miss_rd|160840064840|100.00||
    24.115345800|737169||ll_cache_miss_rd|160821211200|100.00||
    25.119953520|783647||ll_cache_miss_rd|160739963640|100.00||
    26.125108880|840290||ll_cache_miss_rd|160809369720|100.00||
    27.130502680|814036||ll_cache_miss_rd|160874722400|100.00||
    28.135578640|770999||ll_cache_miss_rd|160806952360|100.00||
    29.139871040|909050||ll_cache_miss_rd|160690853560|100.00||
    30.145104960|824716||ll_cache_miss_rd|160833320320|100.00||
    31.150291080|857097||ll_cache_miss_rd|160841976440|100.00||
    32.155761120|1032970||ll_cache_miss_rd|160894865880|100.00||
    33.161210360|874612||ll_cache_miss_rd|160850282640|100.00||
    34.166489040|742562||ll_cache_miss_rd|160834737960|100.00||
    35.171585360|843250||ll_cache_miss_rd|160828096560|100.00||
    36.175842400|851050||ll_cache_miss_rd|160674063560|100.00||
    37.181289960|838703||ll_cache_miss_rd|160871052400|100.00||
    38.186509440|716942||ll_cache_miss_rd|160826752840|100.00||
    39.191530640|758889||ll_cache_miss_rd|160815593200|100.00||
    40.195951480|758773||ll_cache_miss_rd|160683450280|100.00||
    41.200971240|831495||ll_cache_miss_rd|160816329600|100.00||
    42.206319240|753928||ll_cache_miss_rd|160850980560|100.00||
    43.211325520|848435||ll_cache_miss_rd|160840811800|100.00||
    44.215944160|744337||ll_cache_miss_rd|160688406920|100.00||
    45.220917640|809218||ll_cache_miss_rd|160826767160|100.00||
    46.226108560|910867||ll_cache_miss_rd|160817293640|100.00||
    47.231444360|834209||ll_cache_miss_rd|160866391080|100.00||
    48.235934720|675791||ll_cache_miss_rd|160697850200|100.00||
    49.240916000|797767||ll_cache_miss_rd|160813029840|100.00||
    50.246028760|766590||ll_cache_miss_rd|160807813480|100.00||
    51.251118400|798146||ll_cache_miss_rd|160824345200|100.00||
    52.255929680|723002||ll_cache_miss_rd|160743641920|100.00||
    53.260870760|734972||ll_cache_miss_rd|160797494080|100.00||
    54.265843560|726575||ll_cache_miss_rd|160800920600|100.00||
    55.270881640|806605||ll_cache_miss_rd|160827652000|100.00||
    56.275865120|791589||ll_cache_miss_rd|160768536600|100.00||
    57.281097880|736450||ll_cache_miss_rd|160838347360|100.00||
    58.286063120|699967||ll_cache_miss_rd|160797102640|100.00||
    59.291018000|802428||ll_cache_miss_rd|160811626320|100.00||
    60.295948480|768179||ll_cache_miss_rd|160775874080|100.00||
    61.301089720|774521||ll_cache_miss_rd|160827973360|100.00||
    62.306404400|681120||ll_cache_miss_rd|160837084440|100.00||
    63.311325080|833669||ll_cache_miss_rd|160836746440|100.00||
    64.315953000|823954||ll_cache_miss_rd|160687651680|100.00||
    65.320919800|828289||ll_cache_miss_rd|160821211560|100.00||
    66.326054560|916022||ll_cache_miss_rd|160812088120|100.00||
    67.331471400|2243851||ll_cache_miss_rd|160938125440|100.00||
    68.337334800|1113461||ll_cache_miss_rd|160875601760|100.00||
    69.342674440|841196||ll_cache_miss_rd|160843900360|100.00||
    70.347741320|864568||ll_cache_miss_rd|160829333280|100.00||
    71.353013720|775907||ll_cache_miss_rd|160822218200|100.00||
    72.358792720|753958||ll_cache_miss_rd|160928355160|100.00||
    73.363951000|835055||ll_cache_miss_rd|160810940280|100.00||
    74.368922000|735909||ll_cache_miss_rd|160796340280|100.00||
    75.373966760|791128||ll_cache_miss_rd|160815940480|100.00||
    76.379018480|820579||ll_cache_miss_rd|160809996400|100.00||
    77.383896080|792420||ll_cache_miss_rd|160765560240|100.00||
    78.387887600|773973||ll_cache_miss_rd|160642759760|100.00||
    79.391893440|835279||ll_cache_miss_rd|160640303280|100.00||
    80.396856320|727247||ll_cache_miss_rd|160793531120|100.00||
    81.401833600|746899||ll_cache_miss_rd|160800509920|100.00||
    82.407096040|788496||ll_cache_miss_rd|160859221480|100.00||
    83.411843520|863381||ll_cache_miss_rd|160749647440|100.00||
    84.417014560|719760||ll_cache_miss_rd|160816342560|100.00||
    85.421935240|770661||ll_cache_miss_rd|160795337000|100.00||
    86.426965480|891043||ll_cache_miss_rd|160814832360|100.00||
    87.431942640|807341||ll_cache_miss_rd|160776755040|100.00||
    88.436930800|753194||ll_cache_miss_rd|160803982960|100.00||
    89.441995840|790542||ll_cache_miss_rd|160809740800|100.00||
    90.446933960|679946||ll_cache_miss_rd|160798005280|100.00||
    91.451910440|853565||ll_cache_miss_rd|160786892560|100.00||
    92.457198640|770503||ll_cache_miss_rd|160846937080|100.00||
    93.462225600|829168||ll_cache_miss_rd|160813916240|100.00||
    94.467303000|925129||ll_cache_miss_rd|160829702160|100.00||
    95.471856560|987453||ll_cache_miss_rd|160713605320|100.00||
    96.477083920|974146||ll_cache_miss_rd|160838098680|100.00||
    97.482802680|848013||ll_cache_miss_rd|160907419640|100.00||
    98.487887360|758518||ll_cache_miss_rd|160806088880|100.00||
    99.492927920|863357||ll_cache_miss_rd|160811897800|100.00||
   100.498016800|703022||ll_cache_miss_rd|160812792360|100.00||
   101.503027160|846284||ll_cache_miss_rd|160810101880|100.00||
   102.507881480|774470||ll_cache_miss_rd|160761829560|100.00||
   103.512971520|790566||ll_cache_miss_rd|160817313720|100.00||
   104.517998520|651238||ll_cache_miss_rd|160806572520|100.00||
   105.522983880|890532||ll_cache_miss_rd|160806471320|100.00||
   106.527881720|808880||ll_cache_miss_rd|160769284360|100.00||
   107.533135400|804024||ll_cache_miss_rd|160848325240|100.00||
   108.538210080|714053||ll_cache_miss_rd|160812629280|100.00||
   109.543224240|732718||ll_cache_miss_rd|160806019320|100.00||
   110.547944840|740216||ll_cache_miss_rd|160736191120|100.00||
   111.551892200|847437||ll_cache_miss_rd|160637443400|100.00||
   112.557157240|754654||ll_cache_miss_rd|160850624360|100.00||
   113.562225280|791646||ll_cache_miss_rd|160811054200|100.00||
   114.567244600|687174||ll_cache_miss_rd|160804285840|100.00||
   115.571945160|924217||ll_cache_miss_rd|160746639480|100.00||
   116.576989840|840549||ll_cache_miss_rd|160816999720|100.00||
   117.582403920|983642||ll_cache_miss_rd|160870647720|100.00||
   118.587563840|732510||ll_cache_miss_rd|160838788960|100.00||
   119.591857960|847947||ll_cache_miss_rd|160666563360|100.00||
   120.596976400|784551||ll_cache_miss_rd|160827135760|100.00||
   121.602180840|858763||ll_cache_miss_rd|160829524080|100.00||
   122.607565560|765441||ll_cache_miss_rd|160872057000|100.00||
   123.611960760|805141||ll_cache_miss_rd|160674402000|100.00||
   124.616880280|773627||ll_cache_miss_rd|160795201560|100.00||
   125.621937920|938389||ll_cache_miss_rd|160816861880|100.00||
   126.627017480|1169028||ll_cache_miss_rd|160863990760|100.00||
   127.632942880|923287||ll_cache_miss_rd|160895859120|100.00||
   128.638082200|713048||ll_cache_miss_rd|160825275360|100.00||
   129.643178520|865830||ll_cache_miss_rd|160813046840|100.00||
   130.647948040|779957||ll_cache_miss_rd|160751130560|100.00||
   131.652920800|885411||ll_cache_miss_rd|160805863160|100.00||
   132.658360360|784375||ll_cache_miss_rd|160879912480|100.00||
   133.663535080|853281||ll_cache_miss_rd|160821281840|100.00||
   134.667954360|869604||ll_cache_miss_rd|160699084360|100.00||
   135.673092400|1172672||ll_cache_miss_rd|160842283240|100.00||
   136.678410920|867994||ll_cache_miss_rd|160840526040|100.00||
   137.683549240|896429||ll_cache_miss_rd|160825076480|100.00||
   138.687926800|761970||ll_cache_miss_rd|160683584360|100.00||
   139.692949080|845463||ll_cache_miss_rd|160810095960|100.00||
   140.698047240|811536||ll_cache_miss_rd|160820716760|100.00||
   141.703127840|802327||ll_cache_miss_rd|160820256480|100.00||
   142.707947480|720106||ll_cache_miss_rd|160745918640|100.00||
   143.712876960|799970||ll_cache_miss_rd|160803843600|100.00||
   144.718006880|745647||ll_cache_miss_rd|160819483520|100.00||
   145.723025920|879865||ll_cache_miss_rd|160804534680|100.00||
   146.727939920|768651||ll_cache_miss_rd|160772966880|100.00||
   147.733139000|813246||ll_cache_miss_rd|160837110480|100.00||
   148.738123280|717257||ll_cache_miss_rd|160802297000|100.00||
   149.743148720|813791||ll_cache_miss_rd|160804982040|100.00||
   150.747953400|721546||ll_cache_miss_rd|160758319480|100.00||
   151.752819880|730482||ll_cache_miss_rd|160779714000|100.00||
   152.758107280|792688||ll_cache_miss_rd|160859956840|100.00||
   153.763182080|868981||ll_cache_miss_rd|160819670200|100.00||
   154.767907880|757448||ll_cache_miss_rd|160734622280|100.00||
   155.772868520|895754||ll_cache_miss_rd|160807419680|100.00||
   156.778059920|847242||ll_cache_miss_rd|160829200520|100.00||
   157.783312120|835559||ll_cache_miss_rd|160836210760|100.00||
   158.787821480|739521||ll_cache_miss_rd|160722635400|100.00||
   159.791837160|792490||ll_cache_miss_rd|160630475480|100.00||
   160.795885960|672583||ll_cache_miss_rd|160644585160|100.00||
   161.799898720|758892||ll_cache_miss_rd|160671053080|100.00||
   162.805290320|853712||ll_cache_miss_rd|160851471320|100.00||
   163.810378600|809907||ll_cache_miss_rd|160831718800|100.00||
   164.815520640|758277||ll_cache_miss_rd|160816949520|100.00||
   165.819911800|848807||ll_cache_miss_rd|160701792760|100.00||
   166.825084920|747569||ll_cache_miss_rd|160808516520|100.00||
   167.830346800|838684||ll_cache_miss_rd|160861951440|100.00||
   168.835555560|740051||ll_cache_miss_rd|160831883280|100.00||
   169.839943880|772227||ll_cache_miss_rd|160695580840|100.00||
   170.845026720|692754||ll_cache_miss_rd|160795405560|100.00||
   171.849926800|812998||ll_cache_miss_rd|160820728920|100.00||
   172.855345960|744480||ll_cache_miss_rd|160852292640|100.00||
   173.859943040|793389||ll_cache_miss_rd|160737175240|100.00||
   174.865095960|678198||ll_cache_miss_rd|160802751880|100.00||
   175.870036280|869798||ll_cache_miss_rd|160802932600|100.00||
   176.875051960|721824||ll_cache_miss_rd|160804486200|100.00||
   177.879852960|840188||ll_cache_miss_rd|160784370360|100.00||
   178.885048360|740182||ll_cache_miss_rd|160804505200|100.00||
   179.890024400|757005||ll_cache_miss_rd|160812983920|100.00||
   180.895142240|756493||ll_cache_miss_rd|160821454440|100.00||
   181.899836160|827826||ll_cache_miss_rd|160765740120|100.00||
   182.905339440|767878||ll_cache_miss_rd|160846913600|100.00||
   183.910334160|887428||ll_cache_miss_rd|160825996440|100.00||
   184.915444560|700191||ll_cache_miss_rd|160808838760|100.00||
   185.919942920|913345||ll_cache_miss_rd|160720323720|100.00||
   186.925153080|1135324||ll_cache_miss_rd|160857965040|100.00||
   187.930888320|944706||ll_cache_miss_rd|160882227320|100.00||
   188.935832800|700236||ll_cache_miss_rd|160780327320|100.00||
   189.939837960|770755||ll_cache_miss_rd|160635502480|100.00||
   190.943849760|751663||ll_cache_miss_rd|160644672880|100.00||
   191.947862080|836094||ll_cache_miss_rd|160646126200|100.00||
   192.953089840|744448||ll_cache_miss_rd|160842403080|100.00||
   193.958244000|762292||ll_cache_miss_rd|160826923560|100.00||
   194.963280560|721845||ll_cache_miss_rd|160790809200|100.00||
   195.967831440|871342||ll_cache_miss_rd|160739836400|100.00||
   196.971866840|718111||ll_cache_miss_rd|160632744360|100.00||
   197.977050800|787127||ll_cache_miss_rd|160838554080|100.00||
   198.982028320|683783||ll_cache_miss_rd|160796301360|100.00||
   199.986972440|812451||ll_cache_miss_rd|160790810160|100.00||
   200.991938200|722509||ll_cache_miss_rd|160787938880|100.00||
   201.995885400|791230||ll_cache_miss_rd|160633961200|100.00||
   203.001089160|689623||ll_cache_miss_rd|160846812720|100.00||
   204.006128120|769924||ll_cache_miss_rd|160799750040|100.00||
   205.011077880|736989||ll_cache_miss_rd|160810338680|100.00||
   206.015948560|896333||ll_cache_miss_rd|160755025560|100.00||
   207.020965000|723315||ll_cache_miss_rd|160808798160|100.00||
   208.026247120|747745||ll_cache_miss_rd|160844038960|100.00||
   209.031223880|731961||ll_cache_miss_rd|160805702320|100.00||
   210.035953360|806629||ll_cache_miss_rd|160738484760|100.00||
   211.039842720|743554||ll_cache_miss_rd|160653031680|100.00||
   212.045020160|794181||ll_cache_miss_rd|160800097520|100.00||
   213.050186320|676737||ll_cache_miss_rd|160857666800|100.00||
   214.055318280|842482||ll_cache_miss_rd|160809273880|100.00||
   215.059877240|750999||ll_cache_miss_rd|160708026480|100.00||
   216.063881720|891302||ll_cache_miss_rd|160644080760|100.00||
   217.067875280|695406||ll_cache_miss_rd|160640573200|100.00||
   218.073099800|774296||ll_cache_miss_rd|160837157080|100.00||
   219.078084760|752485||ll_cache_miss_rd|160799633920|100.00||
   220.083043120|809673||ll_cache_miss_rd|160790503400|100.00||
   221.087948400|734632||ll_cache_miss_rd|160778862400|100.00||
   222.091823160|786768||ll_cache_miss_rd|160629827800|100.00||
   223.097229400|792755||ll_cache_miss_rd|160869180200|100.00||
   224.102348080|935474||ll_cache_miss_rd|160826160760|100.00||
   225.107469880|774226||ll_cache_miss_rd|160827275960|100.00||
   226.111857360|895153||ll_cache_miss_rd|160678793840|100.00||
   227.115930320|697966||ll_cache_miss_rd|160648170960|100.00||
   228.121144720|829985||ll_cache_miss_rd|160846539240|100.00||
   229.126236440|762155||ll_cache_miss_rd|160818716280|100.00||
   230.131292120|831127||ll_cache_miss_rd|160827870360|100.00||
   231.135852640|712663||ll_cache_miss_rd|160698647280|100.00||
   232.139865840|901576||ll_cache_miss_rd|160674930680|100.00||
   233.145499360|773418||ll_cache_miss_rd|160875535000|100.00||
   234.150554840|902122||ll_cache_miss_rd|160829481400|100.00||
   235.155705920|978254||ll_cache_miss_rd|161005703080|100.00||
   236.163146320|990617||ll_cache_miss_rd|160997247080|100.00||
   237.167887760|843578||ll_cache_miss_rd|160757927320|100.00||
   238.173059320|884358||ll_cache_miss_rd|160819887520|100.00||
   239.178149680|790141||ll_cache_miss_rd|160815406800|100.00||
   240.183212200|856179||ll_cache_miss_rd|160809436680|100.00||
   241.187949920|741154||ll_cache_miss_rd|160755665440|100.00||
   242.193053920|913966||ll_cache_miss_rd|160818664200|100.00||
   243.198610000|810576||ll_cache_miss_rd|160898237800|100.00||
   244.203742120|881928||ll_cache_miss_rd|160835297880|100.00||
   245.209069240|734720||ll_cache_miss_rd|160824314720|100.00||
   246.214133840|891972||ll_cache_miss_rd|160813716640|100.00||
   247.219114280|1341018||ll_cache_miss_rd|160852582520|100.00||
   248.225053800|844760||ll_cache_miss_rd|160890850840|100.00||
   249.230042960|731106||ll_cache_miss_rd|160810490440|100.00||
   250.235115800|787041||ll_cache_miss_rd|160812656760|100.00||
   251.239844880|719214||ll_cache_miss_rd|160771774840|100.00||
   252.244984120|965327||ll_cache_miss_rd|160798377600|100.00||
   253.250318000|767071||ll_cache_miss_rd|160871787840|100.00||
   254.255533120|828202||ll_cache_miss_rd|160828429840|100.00||
   255.259872040|715386||ll_cache_miss_rd|160697555680|100.00||
   256.265052800|923136||ll_cache_miss_rd|160807505160|100.00||
   257.270030800|763594||ll_cache_miss_rd|160805865680|100.00||
   258.275353800|818518||ll_cache_miss_rd|160861879240|100.00||
   259.279835240|719265||ll_cache_miss_rd|160688353280|100.00||
   260.283877920|766511||ll_cache_miss_rd|160647556960|100.00||
   261.287858280|709069||ll_cache_miss_rd|160644397240|100.00||
   262.291867800|862610||ll_cache_miss_rd|160635053000|100.00||
   263.297143600|749259||ll_cache_miss_rd|160857133680|100.00||
   264.302252440|769130||ll_cache_miss_rd|160817009760|100.00||
   265.307248120|734156||ll_cache_miss_rd|160814525160|100.00||
   266.311853760|885981||ll_cache_miss_rd|160709895240|100.00||
   267.315838640|721654||ll_cache_miss_rd|160648578840|100.00||
   268.321101560|798820||ll_cache_miss_rd|160843017760|100.00||
   269.326139400|674706||ll_cache_miss_rd|160800809240|100.00||
   270.331101120|874139||ll_cache_miss_rd|160812756240|100.00||
   271.335936520|740589||ll_cache_miss_rd|160749396320|100.00||
   272.340879320|899971||ll_cache_miss_rd|160800802000|100.00||
   273.346154080|742068||ll_cache_miss_rd|160837793040|100.00||
   274.351083920|773579||ll_cache_miss_rd|160825144360|100.00||
   275.355946320|759840||ll_cache_miss_rd|160734801640|100.00||
   276.359879840|912847||ll_cache_miss_rd|160631593280|100.00||
   277.363839600|744313||ll_cache_miss_rd|160640566480|100.00||
   278.369089440|800168||ll_cache_miss_rd|160839202440|100.00||
   279.374086200|707924||ll_cache_miss_rd|160801211520|100.00||
   280.379063720|828006||ll_cache_miss_rd|160800860120|100.00||
   281.383935040|730120||ll_cache_miss_rd|160763825880|100.00||
   282.387841680|789414||ll_cache_miss_rd|160637643800|100.00||
   283.393078800|711458||ll_cache_miss_rd|160831812280|100.00||
   284.398065680|813986||ll_cache_miss_rd|160804574880|100.00||
   285.403053840|744563||ll_cache_miss_rd|160790807880|100.00||
   286.407919360|977646||ll_cache_miss_rd|160781693720|100.00||
   287.413490080|706154||ll_cache_miss_rd|160945910480|100.00||
   288.419239200|776971||ll_cache_miss_rd|160905290800|100.00||
   289.423928320|712479||ll_cache_miss_rd|160733064920|100.00||
   290.428999720|812882||ll_cache_miss_rd|160809947400|100.00||
   291.434015400|953900||ll_cache_miss_rd|160816141520|100.00||
   292.439080840|755901||ll_cache_miss_rd|160810147800|100.00||
   293.443941880|712862||ll_cache_miss_rd|160757692680|100.00||
   294.448898800|781738||ll_cache_miss_rd|160795390880|100.00||
   295.453831360|841608||ll_cache_miss_rd|160798884320|100.00||
   296.458896840|855679||ll_cache_miss_rd|160821359680|100.00||
   297.463926440|669373||ll_cache_miss_rd|160780795000|100.00||
   298.469134800|821738||ll_cache_miss_rd|160849134600|100.00||
   299.474265040|722270||ll_cache_miss_rd|160821622840|100.00||
   300.479364760|829415||ll_cache_miss_rd|160829827240|100.00||
   301.483878160|704704||ll_cache_miss_rd|160705986320|100.00||
   302.489139280|775875||ll_cache_miss_rd|160840903000|100.00||
   303.494438280|772154||ll_cache_miss_rd|160850298160|100.00||
   304.499498600|812611||ll_cache_miss_rd|160821256760|100.00||
   305.503922000|807018||ll_cache_miss_rd|160684962280|100.00||
   306.508919520|858813||ll_cache_miss_rd|160806564960|100.00||
   307.514011400|1184900||ll_cache_miss_rd|160853111640|100.00||
   308.519673080|754527||ll_cache_miss_rd|160886916600|100.00||
   309.524871160|813692||ll_cache_miss_rd|160810575080|100.00||
   310.529885320|737595||ll_cache_miss_rd|160806364600|100.00||
   311.534936000|785836||ll_cache_miss_rd|160817684560|100.00||
   312.539955440|734288||ll_cache_miss_rd|160798218760|100.00||
   313.545320920|853051||ll_cache_miss_rd|160867463720|100.00||
   314.550611920|754165||ll_cache_miss_rd|160838472160|100.00||
   315.555647960|871217||ll_cache_miss_rd|160823315560|100.00||
   316.560974200|796334||ll_cache_miss_rd|160840048520|100.00||
   317.566101080|823644||ll_cache_miss_rd|160817907920|100.00||
   318.571506040|778244||ll_cache_miss_rd|160870728640|100.00||
   319.575957200|801694||ll_cache_miss_rd|160689822760|100.00||
   320.581062200|700998||ll_cache_miss_rd|160828518400|100.00||
   321.586186080|795019||ll_cache_miss_rd|160821422280|100.00||
   322.591313920|742294||ll_cache_miss_rd|160833724360|100.00||
   323.595882400|829622||ll_cache_miss_rd|160704888720|100.00||
   324.600910200|715047||ll_cache_miss_rd|160813738080|100.00||
   325.606036240|864492||ll_cache_miss_rd|160827333040|100.00||
   326.611222280|827209||ll_cache_miss_rd|160834562120|100.00||
   327.615945400|807248||ll_cache_miss_rd|160732143960|100.00||
   328.621290320|770059||ll_cache_miss_rd|160863604640|100.00||
   329.626414720|785712||ll_cache_miss_rd|160817459480|100.00||
   330.631386400|685022||ll_cache_miss_rd|160809913920|100.00||
   331.635848560|838856||ll_cache_miss_rd|160699204320|100.00||
   332.640866320|733001||ll_cache_miss_rd|160806103600|100.00||
   333.646217080|820472||ll_cache_miss_rd|160860806080|100.00||
   334.651318000|692546||ll_cache_miss_rd|160826767560|100.00||
   335.655888000|867077||ll_cache_miss_rd|160705096440|100.00||
   336.659856000|758459||ll_cache_miss_rd|160636018520|100.00||
   337.663932320|802268||ll_cache_miss_rd|160657312160|100.00||
   338.669258040|721093||ll_cache_miss_rd|160852939400|100.00||
   339.674335720|751259||ll_cache_miss_rd|160811099720|100.00||
   340.679285400|705785||ll_cache_miss_rd|160806228360|100.00||
   341.683839160|811846||ll_cache_miss_rd|160708800920|100.00||
   342.687855280|754826||ll_cache_miss_rd|160643683160|100.00||
   343.693036480|803136||ll_cache_miss_rd|160834267400|100.00||
   344.698069200|683994||ll_cache_miss_rd|160810113640|100.00||
   345.703127400|863454||ll_cache_miss_rd|160804602480|100.00||
   346.707944960|769814||ll_cache_miss_rd|160762780400|100.00||
   347.712918240|792268||ll_cache_miss_rd|160800756400|100.00||
   348.718152560|704922||ll_cache_miss_rd|160846109000|100.00||
   349.723223640|773120||ll_cache_miss_rd|160826946360|100.00||
   350.727940320|721354||ll_cache_miss_rd|160723365680|100.00||
   351.732913080|819276||ll_cache_miss_rd|160803436720|100.00||
   352.737914960|717020||ll_cache_miss_rd|160804705520|100.00||
   353.743209200|741467||ll_cache_miss_rd|160859093880|100.00||
   354.747866880|722521||ll_cache_miss_rd|160726743600|100.00||
   355.751839920|873450||ll_cache_miss_rd|160634559080|100.00||
   356.755883960|735933||ll_cache_miss_rd|160645402400|100.00||
   357.759884360|773368||ll_cache_miss_rd|160635775280|100.00||
   358.765021680|685495||ll_cache_miss_rd|160829660000|100.00||
   359.770049440|798258||ll_cache_miss_rd|160814427680|100.00||
   360.775063800|734350||ll_cache_miss_rd|160817887200|100.00||
   361.779938440|801236||ll_cache_miss_rd|160757110400|100.00||
   362.785064640|711931||ll_cache_miss_rd|160821341640|100.00||
   363.790373440|788364||ll_cache_miss_rd|160861806040|100.00||
   364.795466840|749667||ll_cache_miss_rd|160821665080|100.00||
   365.799949160|895601||ll_cache_miss_rd|160714014320|100.00||
   366.805075200|1143076||ll_cache_miss_rd|160842980640|100.00||
   367.810510360|1137405||ll_cache_miss_rd|160882934520|100.00||
   368.815940040|1397083||ll_cache_miss_rd|160873421880|100.00||
   369.821754520|1306914||ll_cache_miss_rd|161237114680|100.00||
   370.829396400|1490489||ll_cache_miss_rd|160942635880|100.00||
   371.835266200|1480890||ll_cache_miss_rd|160980376240|100.00||
   372.841744960|2170313||ll_cache_miss_rd|161329604360|100.00||
   373.101673080|732988||ll_cache_miss_rd|41538701040|100.00||
